{
  "results": {
    "IF": {
      "method": "IsolationForest",
      "category": "offline",
      "auc_roc": 0.9477689278775465,
      "auc_pr": 0.33485952563399257,
      "f1": 0.43201386256565766,
      "precision": 0.362999362999363,
      "recall": 0.5334313987697246,
      "fpr": 0.028863360849737344,
      "acc": 0.958044,
      "best_threshold": 0.5376884265829156,
      "score_normal_mean": 0.2129250406850743,
      "score_anomaly_mean": 0.5289739756364044,
      "separation_ratio": 2.4843201811043945,
      "time_s": 8.292732954025269,
      "params": {
        "n_estimators": 200,
        "max_samples": 256
      }
    },
    "MemStream": {
      "method": "MemStream v5",
      "category": "streaming",
      "auc_roc": 0.9945408740489987,
      "auc_pr": 0.7957367802046729,
      "f1": 0.8244895366930234,
      "precision": 0.7851224674931963,
      "recall": 0.8680128376571276,
      "fpr": 0.007325108649936913,
      "acc": 0.988946,
      "best_threshold": 431.08407498843707,
      "score_normal_mean": 100.07602363801988,
      "score_anomaly_mean": 532.6504637026219,
      "separation_ratio": 5.32245831058642,
      "time_s": 518.3664014339447,
      "n_memory_updates": 404527,
      "params": {
        "memory_len": 2048,
        "k": 10,
        "gamma": 0.0,
        "beta": 0.001,
        "noise_std": 0.001,
        "lr": 0.01,
        "out_dim": 76,
        "epochs": 5000,
        "update_memory": true,
        "batch_size": 64
      }
    },
    "NormalAE": {
      "method": "Normal Autoencoder",
      "category": "offline",
      "auc_roc": 0.9976545984956968,
      "auc_pr": 0.9616360231915371,
      "f1": 0.8066142840389351,
      "precision": 0.9710117647058824,
      "recall": 0.6898234822144959,
      "fpr": 0.0006349939386942216,
      "acc": 0.990106,
      "best_threshold": 0.005025125628140704,
      "score_normal_mean": 6.540771573781967e-05,
      "score_anomaly_mean": 0.050354693084955215,
      "separation_ratio": 769.8585815429688,
      "time_s": 124.83524441719055,
      "params": {
        "hidden_dims": [
          64,
          32
        ],
        "epochs": 100,
        "lr": 0.001
      }
    },
    "OCSVM": {
      "method": "One-Class SVM",
      "category": "offline",
      "auc_roc": 0.993326205775253,
      "auc_pr": 0.8276541958580149,
      "f1": 0.8387441193153382,
      "precision": 0.8370962370962372,
      "recall": 0.8403985022733351,
      "fpr": 0.005042841474175538,
      "acc": 0.990334,
      "best_threshold": -0.06532663316568232,
      "score_normal_mean": -0.9115586348585522,
      "score_anomaly_mean": -0.07084149266676415,
      "separation_ratio": 0.0,
      "time_s": 301.3409802913666,
      "params": {
        "kernel": "rbf",
        "nu": 0.1,
        "gamma": "scale"
      }
    }
  },
  "ranking": [
    "NormalAE",
    "OCSVM",
    "MemStream",
    "IF"
  ],
  "best_config": {
    "config_id": "M2048_k10_od76_n0.001_e1000_lr10",
    "memory_len": 2048,
    "k": 10,
    "gamma": 0.0,
    "beta": 0.001,
    "noise_std": 0.001,
    "lr": 0.01,
    "out_dim": 76,
    "epochs": 1000,
    "adam_betas": [
      0.9,
      0.999
    ],
    "auc_roc": 0.9967826982089711,
    "auc_pr": 0.9162873498801685,
    "f1": null,
    "precision": 0.029912,
    "recall": 1.0,
    "fpr": 1.0,
    "acc": 0.029912,
    "best_threshold": 0.05808651612389343,
    "score_normal_mean": 68.13493494955597,
    "score_anomaly_mean": 515.7138178027801,
    "separation_ratio": 7.569007267473498,
    "train_time_s": 124.06132650375366,
    "stage": 3,
    "source": "stage3/summary.json"
  },
  "methods_run": [
    "IF",
    "MemStream",
    "NormalAE",
    "OCSVM"
  ],
  "epochs": 5000,
  "update_memory": true,
  "eval_dataset": "valid_polluted",
  "train_dataset": "train_clean"
}