{
  "timestamp": "2026-05-14T14:51:59.812344",
  "n_warmup": 180000,
  "n_test": 120000,
  "n_anomalies": 477,
  "experiment_a": {
    "precision": 0.003975,
    "recall": 1.0,
    "f1": 0.007918523867626186,
    "fpr": 1.0,
    "auc_roc": 0.6148137834615167,
    "auc_pr": 0.24011143080152617,
    "tp": 477,
    "fp": 119523,
    "tn": 0,
    "fn": 0,
    "update_rate": 0.0,
    "drift_events": 0
  },
  "experiment_b": {
    "precision": 0.026678765880217784,
    "recall": 0.3081761006289308,
    "f1": 0.04910639719392016,
    "fpr": 0.04487002501610569,
    "auc_roc": 0.6222429650523303,
    "auc_pr": 0.24034784417395555,
    "tp": 147,
    "fp": 5363,
    "tn": 114160,
    "fn": 330,
    "update_rate": 0.009633333333333334,
    "drift_events": 41
  },
  "experiment_c": {
    "precision": 0.005308300505685469,
    "recall": 0.7966457023060797,
    "f1": 0.010546327518976452,
    "fpr": 0.5957514453285142,
    "auc_roc": 0.6948449050734883,
    "auc_pr": 0.23378957339548065,
    "tp": 380,
    "fp": 71206,
    "tn": 48317,
    "fn": 97,
    "update_rate": 1.0,
    "drift_events": 0
  },
  "relative_b_vs_c": 102.80520242336935,
  "relative_a_vs_c": 102.70408013250079,
  "update_savings_pct": 99.03666666666666,
  "success": true
}