{
  "auc_roc": 0.5006949176286023,
  "auc_pr": 0.030032050093818125,
  "precision": 0.0300211166644981,
  "recall": 0.9930896957491757,
  "f1": 0.05828041547926167,
  "fpr": 0.9926623290951203,
  "acc": 0.03691869438452154,
  "tp": 50299,
  "fp": 1625155,
  "tn": 12013,
  "fn": 350,
  "threshold": 21.189682409391928,
  "score_normal_mean": 95.99594013433395,
  "score_anomaly_mean": 96.09920587686351,
  "score_normal_std": 100.58021751930413,
  "score_anomaly_std": 100.97632969549021,
  "separation_ratio": 1.0010757303109388,
  "best_threshold": 21.189682409391928,
  "train_time_s": 7.902529001235962,
  "score_time_s": 329.269877910614,
  "total_time_s": 337.17240691185,
  "config_id": "M2048_k10_od76_n0.001_e1000_lr10",
  "memory_len": 2048,
  "k": 10,
  "gamma": 0.0,
  "beta": 0.001,
  "noise_std": 0.001,
  "lr": 0.01,
  "out_dim": 76,
  "epochs": 1000,
  "per_type_breakdown": {}
}