{
  "config_id": "M1024_k5_g25_b0p001",
  "stage": 1,
  "memory_len": 1024,
  "k": 5,
  "gamma": 0.25,
  "beta": 0.001,
  "noise_std": 0.001,
  "lr": 0.01,
  "out_dim": 68,
  "epochs": 1000,
  "adam_betas": [
    0.9,
    0.999
  ],
  "auc_roc": 0.7798652705163044,
  "auc_pr": 0.3627667577913542,
  "f1": 0.42438316400580556,
  "precision": 0.5978191731031349,
  "recall": 0.32895,
  "fpr": 0.019243478260869567,
  "acc": 0.928612,
  "best_threshold": 1.7358025750467065,
  "score_normal_mean": 0.48772756495600245,
  "score_anomaly_mean": 1.4712044926555223,
  "separation_ratio": 3.016447292226017,
  "train_time_s": 48.94193768501282
}