{
  "config_id": "M1024_k3_g50_b0p1",
  "stage": 1,
  "memory_len": 1024,
  "k": 3,
  "gamma": 0.5,
  "beta": 0.1,
  "noise_std": 0.001,
  "lr": 0.01,
  "out_dim": 68,
  "epochs": 1000,
  "adam_betas": [
    0.9,
    0.999
  ],
  "auc_roc": 0.7829647454347826,
  "auc_pr": 0.37388485566944163,
  "f1": 0.43596402330884215,
  "precision": 0.5945922598479613,
  "recall": 0.34415,
  "fpr": 0.020404347826086956,
  "acc": 0.92876,
  "best_threshold": 1.6796862364110838,
  "score_normal_mean": 0.48505027339872736,
  "score_anomaly_mean": 1.476804158049438,
  "separation_ratio": 3.0446414300553464,
  "train_time_s": 46.70722460746765
}