{
  "config_id": "M1024_k10_g0_b0p1",
  "stage": 1,
  "memory_len": 1024,
  "k": 10,
  "gamma": 0.0,
  "beta": 0.1,
  "noise_std": 0.001,
  "lr": 0.01,
  "out_dim": 68,
  "epochs": 1000,
  "adam_betas": [
    0.9,
    0.999
  ],
  "auc_roc": 0.8042192675000001,
  "auc_pr": 0.4304616555062843,
  "f1": 0.4764459849027678,
  "precision": 0.7144070761081405,
  "recall": 0.3574,
  "fpr": 0.012423913043478261,
  "acc": 0.937162,
  "best_threshold": 1.6731766428988097,
  "score_normal_mean": 0.4342969693414317,
  "score_anomaly_mean": 1.4160021222130323,
  "separation_ratio": 3.2604467039230305,
  "train_time_s": 50.725346326828
}