{
  "config_id": "M1024_k10_g50_b0p01",
  "stage": 1,
  "memory_len": 1024,
  "k": 10,
  "gamma": 0.5,
  "beta": 0.01,
  "noise_std": 0.001,
  "lr": 0.01,
  "out_dim": 68,
  "epochs": 1000,
  "adam_betas": [
    0.9,
    0.999
  ],
  "auc_roc": 0.7845489564130435,
  "auc_pr": 0.3663445565137582,
  "f1": 0.4268891753475247,
  "precision": 0.7039526600022981,
  "recall": 0.306325,
  "fpr": 0.011202173913043479,
  "acc": 0.9342,
  "best_threshold": 1.9101589319305332,
  "score_normal_mean": 0.4855470624132192,
  "score_anomaly_mean": 1.4615497329286227,
  "separation_ratio": 3.0101093098258467,
  "train_time_s": 46.61512780189514
}