{
  "config_id": "M1024_k5_g50_b1p0",
  "stage": 1,
  "memory_len": 1024,
  "k": 5,
  "gamma": 0.5,
  "beta": 1.0,
  "noise_std": 0.001,
  "lr": 0.01,
  "out_dim": 68,
  "epochs": 1000,
  "adam_betas": [
    0.9,
    0.999
  ],
  "auc_roc": 0.7838335217934782,
  "auc_pr": 0.3634245427918201,
  "f1": 0.42453996274438116,
  "precision": 0.699099822257898,
  "recall": 0.304825,
  "fpr": 0.011408695652173914,
  "acc": 0.93389,
  "best_threshold": 1.9171199921936002,
  "score_normal_mean": 0.4855001477642954,
  "score_anomaly_mean": 1.4596629151510994,
  "separation_ratio": 3.0065138432455196,
  "train_time_s": 50.93395471572876
}