{
  "config_id": "M1024_k10_g25_b0p0001",
  "stage": 1,
  "memory_len": 1024,
  "k": 10,
  "gamma": 0.25,
  "beta": 0.0001,
  "noise_std": 0.001,
  "lr": 0.01,
  "out_dim": 68,
  "epochs": 1000,
  "adam_betas": [
    0.9,
    0.999
  ],
  "auc_roc": 0.7798832219021739,
  "auc_pr": 0.3628335363788137,
  "f1": 0.4244007871221652,
  "precision": 0.5980543685789618,
  "recall": 0.3289,
  "fpr": 0.019221739130434783,
  "acc": 0.928628,
  "best_threshold": 1.7356575108179677,
  "score_normal_mean": 0.4876775250179949,
  "score_anomaly_mean": 1.470935160434252,
  "separation_ratio": 3.016204530606523,
  "train_time_s": 48.07704544067383
}