{
  "config_id": "M1024_k5_g0_b0p1",
  "stage": 1,
  "memory_len": 1024,
  "k": 5,
  "gamma": 0.0,
  "beta": 0.1,
  "noise_std": 0.001,
  "lr": 0.01,
  "out_dim": 68,
  "epochs": 1000,
  "adam_betas": [
    0.9,
    0.999
  ],
  "auc_roc": 0.7965246198369565,
  "auc_pr": 0.4000133738850345,
  "f1": 0.4537498088132828,
  "precision": 0.7084859098869607,
  "recall": 0.33375,
  "fpr": 0.011941304347826087,
  "acc": 0.935714,
  "best_threshold": 1.7973920781034032,
  "score_normal_mean": 0.4541070018281728,
  "score_anomaly_mean": 1.4502439379460923,
  "separation_ratio": 3.1936172138011703,
  "train_time_s": 46.040563344955444
}