{
  "config_id": "M1024_k3_g25_b1p0",
  "stage": 1,
  "memory_len": 1024,
  "k": 3,
  "gamma": 0.25,
  "beta": 1.0,
  "noise_std": 0.001,
  "lr": 0.01,
  "out_dim": 68,
  "epochs": 1000,
  "adam_betas": [
    0.9,
    0.999
  ],
  "auc_roc": 0.7787390536684783,
  "auc_pr": 0.3588800096948606,
  "f1": 0.4198966408268734,
  "precision": 0.593065693430657,
  "recall": 0.325,
  "fpr": 0.019391304347826085,
  "acc": 0.92816,
  "best_threshold": 1.7371170533221865,
  "score_normal_mean": 0.4892899903675654,
  "score_anomaly_mean": 1.4640511428680434,
  "separation_ratio": 2.992195163788689,
  "train_time_s": 48.84903931617737
}