{
  "config_id": "M1024_k3_g0_b1p0",
  "stage": 1,
  "memory_len": 1024,
  "k": 3,
  "gamma": 0.0,
  "beta": 1.0,
  "noise_std": 0.001,
  "lr": 0.01,
  "out_dim": 68,
  "epochs": 1000,
  "adam_betas": [
    0.9,
    0.999
  ],
  "auc_roc": 0.7854369258967391,
  "auc_pr": 0.3708543550951479,
  "f1": 0.4323571888430687,
  "precision": 0.7111212867036804,
  "recall": 0.3106,
  "fpr": 0.010971739130434782,
  "acc": 0.934754,
  "best_threshold": 1.9168877446388886,
  "score_normal_mean": 0.4910983634340593,
  "score_anomaly_mean": 1.4812509201564132,
  "separation_ratio": 3.016200074051567,
  "train_time_s": 48.21046590805054
}