{
  "config_id": "M2048_k3_g0_b0p1",
  "stage": 1,
  "memory_len": 2048,
  "k": 3,
  "gamma": 0.0,
  "beta": 0.1,
  "noise_std": 0.001,
  "lr": 0.01,
  "out_dim": 68,
  "epochs": 1000,
  "adam_betas": [
    0.9,
    0.999
  ],
  "auc_roc": 0.7890061459510869,
  "auc_pr": 0.3915712271191992,
  "f1": 0.4552762100222336,
  "precision": 0.6020890734876835,
  "recall": 0.366025,
  "fpr": 0.02103478260869565,
  "acc": 0.92993,
  "best_threshold": 1.718679486160905,
  "score_normal_mean": 0.4904156101927739,
  "score_anomaly_mean": 1.6950022357691727,
  "separation_ratio": 3.456256694404358,
  "train_time_s": 77.41606736183167
}