{
  "config_id": "M2048_k5_g50_b1p0",
  "stage": 1,
  "memory_len": 2048,
  "k": 5,
  "gamma": 0.5,
  "beta": 1.0,
  "noise_std": 0.001,
  "lr": 0.01,
  "out_dim": 68,
  "epochs": 1000,
  "adam_betas": [
    0.9,
    0.999
  ],
  "auc_roc": 0.7808780661956521,
  "auc_pr": 0.3805833240041212,
  "f1": 0.4516721269961857,
  "precision": 0.6154941120648751,
  "recall": 0.356725,
  "fpr": 0.019378260869565216,
  "acc": 0.93071,
  "best_threshold": 1.8077583498870484,
  "score_normal_mean": 0.5252486524516933,
  "score_anomaly_mean": 1.72878758783565,
  "separation_ratio": 3.291369867902032,
  "train_time_s": 78.24707794189453
}