{
  "config_id": "M2048_k10_g0_b0p0001",
  "stage": 1,
  "memory_len": 2048,
  "k": 10,
  "gamma": 0.0,
  "beta": 0.0001,
  "noise_std": 0.001,
  "lr": 0.01,
  "out_dim": 68,
  "epochs": 1000,
  "adam_betas": [
    0.9,
    0.999
  ],
  "auc_roc": 0.8007602803260869,
  "auc_pr": 0.43880086136106033,
  "f1": 0.49538946450725946,
  "precision": 0.7520105873969256,
  "recall": 0.36935,
  "fpr": 0.010591304347826087,
  "acc": 0.939804,
  "best_threshold": 1.779003035150346,
  "score_normal_mean": 0.46775006461430696,
  "score_anomaly_mean": 1.65594384011567,
  "separation_ratio": 3.5402321996066703,
  "train_time_s": 78.27998614311218
}