{
  "config_id": "M2048_k5_g25_b0p001",
  "stage": 1,
  "memory_len": 2048,
  "k": 5,
  "gamma": 0.25,
  "beta": 0.001,
  "noise_std": 0.001,
  "lr": 0.01,
  "out_dim": 68,
  "epochs": 1000,
  "adam_betas": [
    0.9,
    0.999
  ],
  "auc_roc": 0.7675998810054349,
  "auc_pr": 0.35522891998586736,
  "f1": 0.4298840758488716,
  "precision": 0.5850372347294563,
  "recall": 0.339775,
  "fpr": 0.020956521739130436,
  "acc": 0.927902,
  "best_threshold": 1.8438652757411256,
  "score_normal_mean": 0.5638430056204868,
  "score_anomaly_mean": 1.7156030944229423,
  "separation_ratio": 3.04269641960884,
  "train_time_s": 77.6462984085083
}