{
  "config_id": "M2048_k10_g50_b0p1",
  "stage": 1,
  "memory_len": 2048,
  "k": 10,
  "gamma": 0.5,
  "beta": 0.1,
  "noise_std": 0.001,
  "lr": 0.01,
  "out_dim": 68,
  "epochs": 1000,
  "adam_betas": [
    0.9,
    0.999
  ],
  "auc_roc": 0.7818073041576086,
  "auc_pr": 0.38459797069624446,
  "f1": 0.4547566699412141,
  "precision": 0.6042849446769716,
  "recall": 0.36455,
  "fpr": 0.020758695652173913,
  "acc": 0.930066,
  "best_threshold": 1.755877331308621,
  "score_normal_mean": 0.5225454790861357,
  "score_anomaly_mean": 1.725863102994077,
  "separation_ratio": 3.3027997984259434,
  "train_time_s": 79.28232717514038
}