{
  "config_id": "M2048_k3_g50_b1p0",
  "stage": 1,
  "memory_len": 2048,
  "k": 3,
  "gamma": 0.5,
  "beta": 1.0,
  "noise_std": 0.001,
  "lr": 0.01,
  "out_dim": 68,
  "epochs": 1000,
  "adam_betas": [
    0.9,
    0.999
  ],
  "auc_roc": 0.7734663354619564,
  "auc_pr": 0.3683871366230355,
  "f1": 0.44323965479088295,
  "precision": 0.6026390440986847,
  "recall": 0.350525,
  "fpr": 0.02009782608695652,
  "acc": 0.929552,
  "best_threshold": 1.8250217288058705,
  "score_normal_mean": 0.5510675021414312,
  "score_anomaly_mean": 1.7311284949821035,
  "separation_ratio": 3.141409152699065,
  "train_time_s": 78.47746849060059
}