{
  "config_id": "M2048_k10_g25_b0p0001",
  "stage": 1,
  "memory_len": 2048,
  "k": 10,
  "gamma": 0.25,
  "beta": 0.0001,
  "noise_std": 0.001,
  "lr": 0.01,
  "out_dim": 68,
  "epochs": 1000,
  "adam_betas": [
    0.9,
    0.999
  ],
  "auc_roc": 0.7676831607608696,
  "auc_pr": 0.35550336048564557,
  "f1": 0.4301394995729605,
  "precision": 0.5854645655730647,
  "recall": 0.33995,
  "fpr": 0.020930434782608694,
  "acc": 0.92794,
  "best_threshold": 1.8437674848322312,
  "score_normal_mean": 0.5637013189318216,
  "score_anomaly_mean": 1.7157924723539622,
  "separation_ratio": 3.04379715769564,
  "train_time_s": 79.48988699913025
}