{
  "config_id": "M2048_k5_g0_b1p0",
  "stage": 1,
  "memory_len": 2048,
  "k": 5,
  "gamma": 0.0,
  "beta": 1.0,
  "noise_std": 0.001,
  "lr": 0.01,
  "out_dim": 68,
  "epochs": 1000,
  "adam_betas": [
    0.9,
    0.999
  ],
  "auc_roc": 0.7942263868749999,
  "auc_pr": 0.41061249862787697,
  "f1": 0.4725028058361392,
  "precision": 0.738753589280017,
  "recall": 0.347325,
  "fpr": 0.010680434782608696,
  "acc": 0.93796,
  "best_threshold": 1.8896963257850674,
  "score_normal_mean": 0.4804416267882851,
  "score_anomaly_mean": 1.6860793877567346,
  "separation_ratio": 3.509436513709364,
  "train_time_s": 79.66945886611938
}