{
  "config_id": "M2048_k3_g25_b0p001",
  "stage": 1,
  "memory_len": 2048,
  "k": 3,
  "gamma": 0.25,
  "beta": 0.001,
  "noise_std": 0.001,
  "lr": 0.01,
  "out_dim": 68,
  "epochs": 1000,
  "adam_betas": [
    0.9,
    0.999
  ],
  "auc_roc": 0.7670670237228261,
  "auc_pr": 0.3534690056857007,
  "f1": 0.42748164092175234,
  "precision": 0.5825138026224983,
  "recall": 0.337625,
  "fpr": 0.021041304347826088,
  "acc": 0.927652,
  "best_threshold": 1.845359269644817,
  "score_normal_mean": 0.5636885316493365,
  "score_anomaly_mean": 1.7101530590625655,
  "separation_ratio": 3.0338617215764647,
  "train_time_s": 78.71990418434143
}