{
  "config_id": "M256_k3_g25_b0p01",
  "stage": 1,
  "memory_len": 256,
  "k": 3,
  "gamma": 0.25,
  "beta": 0.01,
  "noise_std": 0.001,
  "lr": 0.01,
  "out_dim": 68,
  "epochs": 1000,
  "adam_betas": [
    0.9,
    0.999
  ],
  "auc_roc": 0.8044682055434782,
  "auc_pr": 0.41997830694612637,
  "f1": 0.4838054445499305,
  "precision": 0.4331830941367177,
  "recall": 0.547825,
  "fpr": 0.06233260869565217,
  "acc": 0.90648,
  "best_threshold": 0.8198649204183114,
  "score_normal_mean": 0.41747892673139786,
  "score_anomaly_mean": 1.2798122205118285,
  "separation_ratio": 3.0655732267301916,
  "train_time_s": 31.7797532081604
}