{
  "config_id": "M256_k3_g50_b0p01",
  "stage": 1,
  "memory_len": 256,
  "k": 3,
  "gamma": 0.5,
  "beta": 0.01,
  "noise_std": 0.001,
  "lr": 0.01,
  "out_dim": 68,
  "epochs": 1000,
  "adam_betas": [
    0.9,
    0.999
  ],
  "auc_roc": 0.8063412973641304,
  "auc_pr": 0.4287202685943631,
  "f1": 0.4877221766475253,
  "precision": 0.43354399611084105,
  "recall": 0.557375,
  "fpr": 0.06332608695652174,
  "acc": 0.90633,
  "best_threshold": 0.8081116685248915,
  "score_normal_mean": 0.41950742454825246,
  "score_anomaly_mean": 1.27479047634948,
  "separation_ratio": 3.0387792962716715,
  "train_time_s": 32.1692168712616
}