{
  "config_id": "M256_k5_g0_b0p01",
  "stage": 1,
  "memory_len": 256,
  "k": 5,
  "gamma": 0.0,
  "beta": 0.01,
  "noise_std": 0.001,
  "lr": 0.01,
  "out_dim": 68,
  "epochs": 1000,
  "adam_betas": [
    0.9,
    0.999
  ],
  "auc_roc": 0.8090637150543477,
  "auc_pr": 0.4495541396740446,
  "f1": 0.505035339769945,
  "precision": 0.4693268652871984,
  "recall": 0.546625,
  "fpr": 0.05374565217391304,
  "acc": 0.914284,
  "best_threshold": 0.8266787384764261,
  "score_normal_mean": 0.40952978849368615,
  "score_anomaly_mean": 1.1878681026641624,
  "separation_ratio": 2.9005658099581106,
  "train_time_s": 31.63651132583618
}