{
  "config_id": "M256_k10_g0_b1p0",
  "stage": 1,
  "memory_len": 256,
  "k": 10,
  "gamma": 0.0,
  "beta": 1.0,
  "noise_std": 0.001,
  "lr": 0.01,
  "out_dim": 68,
  "epochs": 1000,
  "adam_betas": [
    0.9,
    0.999
  ],
  "auc_roc": 0.809148525625,
  "auc_pr": 0.45845358323004065,
  "f1": 0.5169491525423728,
  "precision": 0.7269802428856262,
  "recall": 0.401075,
  "fpr": 0.013097826086956522,
  "acc": 0.940036,
  "best_threshold": 1.3078981229059792,
  "score_normal_mean": 0.40994498869842555,
  "score_anomaly_mean": 1.1264161901347518,
  "separation_ratio": 2.747725234332345,
  "train_time_s": 31.78368330001831
}