{
  "config_id": "M256_k5_g25_b0p1",
  "stage": 1,
  "memory_len": 256,
  "k": 5,
  "gamma": 0.25,
  "beta": 0.1,
  "noise_std": 0.001,
  "lr": 0.01,
  "out_dim": 68,
  "epochs": 1000,
  "adam_betas": [
    0.9,
    0.999
  ],
  "auc_roc": 0.8047387450815218,
  "auc_pr": 0.42137171656286965,
  "f1": 0.48443028626227663,
  "precision": 0.43323278326531417,
  "recall": 0.54935,
  "fpr": 0.06249347826086957,
  "acc": 0.906454,
  "best_threshold": 0.820315006969257,
  "score_normal_mean": 0.41791102780819506,
  "score_anomaly_mean": 1.2806619550301623,
  "separation_ratio": 3.064436853334094,
  "train_time_s": 32.68915939331055
}