{
  "config_id": "M256_k5_g50_b0p01",
  "stage": 1,
  "memory_len": 256,
  "k": 5,
  "gamma": 0.5,
  "beta": 0.01,
  "noise_std": 0.001,
  "lr": 0.01,
  "out_dim": 68,
  "epochs": 1000,
  "adam_betas": [
    0.9,
    0.999
  ],
  "auc_roc": 0.8076080396467391,
  "auc_pr": 0.43500583905985263,
  "f1": 0.49667074935975947,
  "precision": 0.4477614936759687,
  "recall": 0.557575,
  "fpr": 0.059797826086956524,
  "acc": 0.909592,
  "best_threshold": 0.7992787796536844,
  "score_normal_mean": 0.4138012355904356,
  "score_anomaly_mean": 1.2515162376568623,
  "separation_ratio": 3.024438136031968,
  "train_time_s": 33.96065592765808
}