{
  "config_id": "M256_k10_g25_b0p01",
  "stage": 1,
  "memory_len": 256,
  "k": 10,
  "gamma": 0.25,
  "beta": 0.01,
  "noise_std": 0.001,
  "lr": 0.01,
  "out_dim": 68,
  "epochs": 1000,
  "adam_betas": [
    0.9,
    0.999
  ],
  "auc_roc": 0.8047663305434782,
  "auc_pr": 0.4214408216704347,
  "f1": 0.48444493440634984,
  "precision": 0.4332873200552159,
  "recall": 0.5493,
  "fpr": 0.06247391304347826,
  "acc": 0.906468,
  "best_threshold": 0.8203630895919524,
  "score_normal_mean": 0.4179043899061762,
  "score_anomaly_mean": 1.2804482300817555,
  "separation_ratio": 3.063974107496763,
  "train_time_s": 33.63910889625549
}