{
  "config_id": "M256_k10_g50_b0p1",
  "stage": 1,
  "memory_len": 256,
  "k": 10,
  "gamma": 0.5,
  "beta": 0.1,
  "noise_std": 0.001,
  "lr": 0.01,
  "out_dim": 68,
  "epochs": 1000,
  "adam_betas": [
    0.9,
    0.999
  ],
  "auc_roc": 0.8077641445380435,
  "auc_pr": 0.4362632024135139,
  "f1": 0.49736016698478613,
  "precision": 0.44927302425941235,
  "recall": 0.556975,
  "fpr": 0.059369565217391305,
  "acc": 0.909938,
  "best_threshold": 0.7982127896478288,
  "score_normal_mean": 0.412300533087392,
  "score_anomaly_mean": 1.240484679067403,
  "separation_ratio": 3.0086904563969297,
  "train_time_s": 33.75024223327637
}