{
  "config_id": "M256_k3_g0_b0p0001",
  "stage": 1,
  "memory_len": 256,
  "k": 3,
  "gamma": 0.0,
  "beta": 0.0001,
  "noise_std": 0.001,
  "lr": 0.01,
  "out_dim": 68,
  "epochs": 1000,
  "adam_betas": [
    0.9,
    0.999
  ],
  "auc_roc": 0.8079509148097825,
  "auc_pr": 0.43979308798676797,
  "f1": 0.4996416412829242,
  "precision": 0.4525316455696203,
  "recall": 0.5577,
  "fpr": 0.058669565217391306,
  "acc": 0.91064,
  "best_threshold": 0.7768633247664836,
  "score_normal_mean": 0.4056365037311017,
  "score_anomaly_mean": 1.211489641762255,
  "separation_ratio": 2.9866386053000715,
  "train_time_s": 30.89586853981018
}