{
  "config_id": "M4096_k10_g25_b0p001",
  "stage": 1,
  "memory_len": 4096,
  "k": 10,
  "gamma": 0.25,
  "beta": 0.001,
  "noise_std": 0.001,
  "lr": 0.01,
  "out_dim": 68,
  "epochs": 1000,
  "adam_betas": [
    0.9,
    0.999
  ],
  "auc_roc": 0.7641869414130436,
  "auc_pr": 0.3417958050803025,
  "f1": 0.4114788169464429,
  "precision": 0.5706873614190687,
  "recall": 0.321725,
  "fpr": 0.021045652173913045,
  "acc": 0.926376,
  "best_threshold": 2.002802914894301,
  "score_normal_mean": 0.5988024776004425,
  "score_anomaly_mean": 1.9319988330476516,
  "separation_ratio": 3.226437607255191,
  "train_time_s": 509.4685552120209
}