{
  "config_id": "M4096_k10_g50_b0p0001",
  "stage": 1,
  "memory_len": 4096,
  "k": 10,
  "gamma": 0.5,
  "beta": 0.0001,
  "noise_std": 0.001,
  "lr": 0.01,
  "out_dim": 68,
  "epochs": 1000,
  "adam_betas": [
    0.9,
    0.999
  ],
  "auc_roc": 0.7661097754619565,
  "auc_pr": 0.35701959007156026,
  "f1": 0.4314439567964641,
  "precision": 0.5714933619196834,
  "recall": 0.346525,
  "fpr": 0.022593478260869566,
  "acc": 0.926936,
  "best_threshold": 1.9212396722300973,
  "score_normal_mean": 0.6133485269494141,
  "score_anomaly_mean": 1.955245033585525,
  "separation_ratio": 3.187820541952298,
  "train_time_s": 509.89434909820557
}