{
  "config_id": "M4096_k5_g25_b0p1",
  "stage": 1,
  "memory_len": 4096,
  "k": 5,
  "gamma": 0.25,
  "beta": 0.1,
  "noise_std": 0.001,
  "lr": 0.01,
  "out_dim": 68,
  "epochs": 1000,
  "adam_betas": [
    0.9,
    0.999
  ],
  "auc_roc": 0.7641652638043478,
  "auc_pr": 0.34175787628696624,
  "f1": 0.41140262522583015,
  "precision": 0.5706302390561937,
  "recall": 0.32165,
  "fpr": 0.021045652173913045,
  "acc": 0.92637,
  "best_threshold": 2.003003406418725,
  "score_normal_mean": 0.5987615780938832,
  "score_anomaly_mean": 1.9319976202932532,
  "separation_ratio": 3.2266559695490753,
  "train_time_s": 500.8965697288513
}