{
  "config_id": "M4096_k3_g50_b1p0",
  "stage": 1,
  "memory_len": 4096,
  "k": 3,
  "gamma": 0.5,
  "beta": 1.0,
  "noise_std": 0.001,
  "lr": 0.01,
  "out_dim": 68,
  "epochs": 1000,
  "adam_betas": [
    0.9,
    0.999
  ],
  "auc_roc": 0.768115507798913,
  "auc_pr": 0.3540063515798846,
  "f1": 0.4270262588621686,
  "precision": 0.5795722429385796,
  "recall": 0.33805,
  "fpr": 0.021323913043478263,
  "acc": 0.927426,
  "best_threshold": 1.9659224871888559,
  "score_normal_mean": 0.5962934604515977,
  "score_anomaly_mean": 1.954296983504846,
  "separation_ratio": 3.2774080433898707,
  "train_time_s": 508.6213610172272
}