{
  "config_id": "M4096_k3_g0_b0p1",
  "stage": 1,
  "memory_len": 4096,
  "k": 3,
  "gamma": 0.0,
  "beta": 0.1,
  "noise_std": 0.001,
  "lr": 0.01,
  "out_dim": 68,
  "epochs": 1000,
  "adam_betas": [
    0.9,
    0.999
  ],
  "auc_roc": 0.7670779125543479,
  "auc_pr": 0.3587398606019995,
  "f1": 0.4326545804190382,
  "precision": 0.5697888158163473,
  "recall": 0.348725,
  "fpr": 0.022895652173913043,
  "acc": 0.926834,
  "best_threshold": 1.889950590822023,
  "score_normal_mean": 0.6071548077856189,
  "score_anomaly_mean": 1.9354630298721052,
  "separation_ratio": 3.1877587149989273,
  "train_time_s": 539.5765905380249
}