{
  "config_id": "M4096_k3_g25_b0p001",
  "stage": 1,
  "memory_len": 4096,
  "k": 3,
  "gamma": 0.25,
  "beta": 0.001,
  "noise_std": 0.001,
  "lr": 0.01,
  "out_dim": 68,
  "epochs": 1000,
  "adam_betas": [
    0.9,
    0.999
  ],
  "auc_roc": 0.764536066576087,
  "auc_pr": 0.3435970867189482,
  "f1": 0.4135518497220625,
  "precision": 0.5726862502211998,
  "recall": 0.323625,
  "fpr": 0.020997826086956523,
  "acc": 0.926572,
  "best_threshold": 2.009145286616747,
  "score_normal_mean": 0.5990918752699714,
  "score_anomaly_mean": 1.9441209669905197,
  "separation_ratio": 3.2451132242687013,
  "train_time_s": 527.5738027095795
}