{
  "config_id": "M4096_k5_g50_b1p0",
  "stage": 1,
  "memory_len": 4096,
  "k": 5,
  "gamma": 0.5,
  "beta": 1.0,
  "noise_std": 0.001,
  "lr": 0.01,
  "out_dim": 68,
  "epochs": 1000,
  "adam_betas": [
    0.9,
    0.999
  ],
  "auc_roc": 0.7656200337771739,
  "auc_pr": 0.35573359787353137,
  "f1": 0.43010718488597693,
  "precision": 0.5909885499519273,
  "recall": 0.338075,
  "fpr": 0.020345652173913042,
  "acc": 0.928328,
  "best_threshold": 1.9837671125755858,
  "score_normal_mean": 0.6144504377285424,
  "score_anomaly_mean": 1.9607583754338485,
  "separation_ratio": 3.1910765377306,
  "train_time_s": 498.1227626800537
}