{
  "config_id": "M4096_k5_g0_b0p01",
  "stage": 1,
  "memory_len": 4096,
  "k": 5,
  "gamma": 0.0,
  "beta": 0.01,
  "noise_std": 0.001,
  "lr": 0.01,
  "out_dim": 68,
  "epochs": 1000,
  "adam_betas": [
    0.9,
    0.999
  ],
  "auc_roc": 0.7833004627445652,
  "auc_pr": 0.38327304254970473,
  "f1": 0.4499688667496886,
  "precision": 0.5962458745874587,
  "recall": 0.361325,
  "fpr": 0.02127608695652174,
  "acc": 0.929332,
  "best_threshold": 1.7962292638425852,
  "score_normal_mean": 0.5412270157631889,
  "score_anomaly_mean": 1.8846721888275315,
  "separation_ratio": 3.4822212009685787,
  "train_time_s": 512.4247896671295
}