{
  "epochs": 5000,
  "max_train": 200000,
  "max_val": 100000,
  "seed": 42,
  "best_config": {
    "config_id": "M1024_k10_g0_b0p001",
    "stage": 1,
    "memory_len": 1024,
    "k": 10,
    "gamma": 0.0,
    "beta": 0.001,
    "noise_std": 0.001,
    "lr": 0.01,
    "out_dim": 68,
    "epochs": 5000,
    "adam_betas": [
      0.9,
      0.999
    ],
    "auc_roc": 0.9965895621364087,
    "auc_pr": 0.9061355889415166,
    "f1": 0.8832770427292164,
    "precision": 0.8230640411156667,
    "recall": 0.9529954533297673,
    "fpr": 0.00631695268882823,
    "acc": 0.992466,
    "best_threshold": 144.89066103834602,
    "score_normal_mean": 29.24232896982853,
    "score_anomaly_mean": 256.81223762542305,
    "separation_ratio": 8.782208759445775,
    "train_time_s": 76.49463319778442
  },
  "summary": [
    {
      "setup": "A",
      "desc": "Normal AE",
      "auc_roc": 0.942005596495886,
      "auc_pr": 0.7080093266411025,
      "precision": 0.02959,
      "recall": 1.0,
      "f1": 0.05747919074583087,
      "fpr": 1.0,
      "acc": 0.02959,
      "tp": 2959,
      "fp": 97041,
      "tn": 0,
      "fn": 0,
      "threshold": 0.0,
      "score_normal_mean": 1.2778104064636864e-05,
      "score_anomaly_mean": 1.469976744494783e-11,
      "score_normal_std": 0.003256000578403473,
      "score_anomaly_std": 4.583760107590429e-11,
      "separation_ratio": 1.1503872201501508e-06,
      "elapsed": 9.493060827255249
    },
    {
      "setup": "B",
      "desc": "Denoise AE",
      "auc_roc": 0.500020609845323,
      "auc_pr": 0.514795591823673,
      "precision": 0.029591183647345892,
      "recall": 1.0,
      "f1": 0.057481423923073184,
      "fpr": 0.9999587803093538,
      "acc": 0.02963,
      "tp": 2959,
      "fp": 97037,
      "tn": 4,
      "fn": 0,
      "threshold": 0.005025125628140704,
      "score_normal_mean": 0.9999587535858154,
      "score_anomaly_mean": 1.0,
      "score_normal_std": 0.006420123856514692,
      "score_anomaly_std": 0.0,
      "separation_ratio": 1.0000412464141846,
      "elapsed": 13.816190719604492
    },
    {
      "setup": "C",
      "desc": "AE+FE+Mem",
      "auc_roc": 0.9936631412164557,
      "auc_pr": 0.9041127215997016,
      "precision": 0.8122898196270254,
      "recall": 0.8979384927340318,
      "f1": 0.8529695024077046,
      "fpr": 0.006327222514195031,
      "acc": 0.99084,
      "tp": 2657,
      "fp": 614,
      "tn": 96427,
      "fn": 302,
      "threshold": 362.3665160174346,
      "score_normal_mean": 64.0710846630712,
      "score_anomaly_mean": 516.9942550465802,
      "score_normal_std": 54.85761466268092,
      "score_anomaly_std": 129.53864778088504,
      "separation_ratio": 8.069072933059948,
      "elapsed": 25.765854120254517
    },
    {
      "setup": "D",
      "desc": "AE+FE+CB",
      "auc_roc": 0.9935550318165967,
      "auc_pr": 0.9022139888182008,
      "precision": 0.8158631415241058,
      "recall": 0.88644812436634,
      "f1": 0.8496922578555232,
      "fpr": 0.006100514215640811,
      "acc": 0.99072,
      "tp": 2623,
      "fp": 592,
      "tn": 96449,
      "fn": 336,
      "threshold": 370.9864960866957,
      "score_normal_mean": 63.71843637001844,
      "score_anomaly_mean": 518.688926910782,
      "score_normal_std": 55.53998373692066,
      "score_anomaly_std": 129.40054439220665,
      "separation_ratio": 8.14032729709045,
      "elapsed": 29.25126028060913
    }
  ],
  "deltas": {
    "B_vs_A_noise": -0.19321373481742954,
    "C_vs_B_FE": 0.3893171297760286,
    "D_vs_C_CB": -0.001898732781500767,
    "D_vs_A_total": 0.1942046621770983
  }
}