{
  "setup_A": {
    "name": "A: Raw 7D",
    "n_runs": 1,
    "auc_roc_mean": 0.8167199523075417,
    "auc_roc_std": 0.0,
    "auc_roc_min": 0.8167199523075417,
    "auc_roc_max": 0.8167199523075417,
    "auc_pr_mean": 0.14239906321708778,
    "auc_pr_std": 0.0,
    "auc_pr_min": 0.14239906321708778,
    "auc_pr_max": 0.14239906321708778,
    "f1_mean": 0.23179243559291066,
    "f1_std": 0.0,
    "f1_min": 0.23179243559291066,
    "f1_max": 0.23179243559291066,
    "precision_mean": 0.13841185327427064,
    "precision_std": 0.0,
    "precision_min": 0.13841185327427064,
    "precision_max": 0.13841185327427064,
    "recall_mean": 0.7124564753453891,
    "recall_std": 0.0,
    "recall_min": 0.7124564753453891,
    "recall_max": 0.7124564753453891,
    "separation_ratio_mean": 2.505920648574829,
    "separation_ratio_std": 0.0,
    "separation_ratio_min": 2.505920648574829,
    "separation_ratio_max": 2.505920648574829,
    "time_mean": 51.688271045684814
  },
  "setup_B": {
    "name": "B: 38D + AE + Streaming",
    "n_runs": 1,
    "auc_roc_mean": 0.9952931954108222,
    "auc_roc_std": 0.0,
    "auc_roc_min": 0.9952931954108222,
    "auc_roc_max": 0.9952931954108222,
    "auc_pr_mean": 0.9076869107299291,
    "auc_pr_std": 0.0,
    "auc_pr_min": 0.9076869107299291,
    "auc_pr_max": 0.9076869107299291,
    "f1_mean": 0.8688681248672754,
    "f1_std": 0.0,
    "f1_min": 0.8688681248672754,
    "f1_max": 0.8688681248672754,
    "precision_mean": 0.8238195912614518,
    "precision_std": 0.0,
    "precision_min": 0.8238195912614518,
    "precision_max": 0.8238195912614518,
    "recall_mean": 0.9191283836908907,
    "recall_std": 0.0,
    "recall_min": 0.9191283836908907,
    "recall_max": 0.9191283836908907,
    "separation_ratio_mean": 8.409510749054391,
    "separation_ratio_std": 0.0,
    "separation_ratio_min": 8.409510749054391,
    "separation_ratio_max": 8.409510749054391,
    "time_mean": 72.85309600830078
  },
  "setup_C": {
    "name": "C: 38D + AE + ContextBeta + Streaming",
    "n_runs": 1,
    "auc_roc_mean": 0.9952878225510438,
    "auc_roc_std": 0.0,
    "auc_roc_min": 0.9952878225510438,
    "auc_roc_max": 0.9952878225510438,
    "auc_pr_mean": 0.9072902107125388,
    "auc_pr_std": 0.0,
    "auc_pr_min": 0.9072902107125388,
    "auc_pr_max": 0.9072902107125388,
    "f1_mean": 0.8735937168329441,
    "f1_std": 0.0,
    "f1_min": 0.8735937168329441,
    "f1_max": 0.8735937168329441,
    "precision_mean": 0.8279851121617543,
    "precision_std": 0.0,
    "precision_min": 0.8279851121617543,
    "precision_max": 0.8279851121617543,
    "recall_mean": 0.9245198247781646,
    "recall_std": 0.0,
    "recall_min": 0.9245198247781646,
    "recall_max": 0.9245198247781646,
    "separation_ratio_mean": 8.30377368409518,
    "separation_ratio_std": 0.0,
    "separation_ratio_min": 8.30377368409518,
    "separation_ratio_max": 8.30377368409518,
    "time_mean": 82.38907194137573
  },
  "setup_D": {},
  "setup_E": {
    "name": "E: IB (D=8, beta=0.5)",
    "n_runs": 1,
    "auc_roc_mean": 0.9878275468445106,
    "auc_roc_std": 0.0,
    "auc_roc_min": 0.9878275468445106,
    "auc_roc_max": 0.9878275468445106,
    "auc_pr_mean": 0.8543398219129744,
    "auc_pr_std": 0.0,
    "auc_pr_min": 0.8543398219129744,
    "auc_pr_max": 0.8543398219129744,
    "f1_mean": 0.509938199432103,
    "f1_std": 0.0,
    "f1_min": 0.509938199432103,
    "f1_max": 0.509938199432103,
    "precision_mean": 0.9941387170302833,
    "precision_std": 0.0,
    "precision_min": 0.9941387170302833,
    "precision_max": 0.9941387170302833,
    "recall_mean": 0.34291811748848705,
    "recall_std": 0.0,
    "recall_min": 0.34291811748848705,
    "recall_max": 0.34291811748848705,
    "separation_ratio_mean": 5069.885352262884,
    "separation_ratio_std": 0.0,
    "separation_ratio_min": 5069.885352262884,
    "separation_ratio_max": 5069.885352262884,
    "time_mean": 302.51081943511963
  },
  "setup_F": {
    "name": "F: AE + ContextBeta (paper-default)",
    "n_runs": 1,
    "auc_roc_mean": 0.9952865087094303,
    "auc_roc_std": 0.0,
    "auc_roc_min": 0.9952865087094303,
    "auc_roc_max": 0.9952865087094303,
    "auc_pr_mean": 0.9072763966725146,
    "auc_pr_std": 0.0,
    "auc_pr_min": 0.9072763966725146,
    "auc_pr_max": 0.9072763966725146,
    "f1_mean": 0.8733142189657004,
    "f1_std": 0.0,
    "f1_min": 0.8733142189657004,
    "f1_max": 0.8733142189657004,
    "precision_mean": 0.8281139865068976,
    "precision_std": 0.0,
    "precision_min": 0.8281139865068976,
    "precision_max": 0.8281139865068976,
    "recall_mean": 0.9237335729529372,
    "recall_std": 0.0,
    "recall_min": 0.9237335729529372,
    "recall_max": 0.9237335729529372,
    "separation_ratio_mean": 8.303100687036792,
    "separation_ratio_std": 0.0,
    "separation_ratio_min": 8.303100687036792,
    "separation_ratio_max": 8.303100687036792,
    "time_mean": 60.9650981426239
  },
  "all_runs": {
    "A": [
      {
        "auc_roc": 0.8167199523075417,
        "auc_pr": 0.14239906321708778,
        "precision": 0.13841185327427064,
        "recall": 0.7124564753453891,
        "f1": 0.23179243559291066,
        "fpr": 0.13563863591861133,
        "acc": 0.8598533333333334,
        "tp": 6343,
        "fp": 39484,
        "tn": 251613,
        "fn": 2560,
        "threshold": 30.432168375906635,
        "score_normal_mean": 24.757230758666992,
        "score_anomaly_mean": 62.03965759277344,
        "score_normal_std": 48.60261154174805,
        "score_anomaly_std": 44.04234313964844,
        "separation_ratio": 2.505920648574829,
        "setup": "A",
        "description": "No Feature Engineering (Raw 7D)",
        "run": 0,
        "seed": 42,
        "time_s": 51.688271045684814
      }
    ],
    "B": [
      {
        "auc_roc": 0.9952931954108222,
        "auc_pr": 0.9076869107299291,
        "precision": 0.8238195912614518,
        "recall": 0.9191283836908907,
        "f1": 0.8688681248672754,
        "fpr": 0.006011741790537175,
        "acc": 0.9917666666666667,
        "tp": 8183,
        "fp": 1750,
        "tn": 289347,
        "fn": 720,
        "threshold": 342.84012404398703,
        "score_normal_mean": 60.81426675057982,
        "score_anomaly_mean": 511.41822993486204,
        "score_normal_std": 49.06553721651868,
        "score_anomaly_std": 119.9551619235899,
        "separation_ratio": 8.409510749054391,
        "setup": "B",
        "description": "Feature Engineering (38D), no ContextBeta, streaming enabled",
        "config": {
          "config_id": "M1024_k10_g0_b0p001",
          "stage": 1,
          "memory_len": 1024,
          "k": 10,
          "gamma": 0.0,
          "beta": 0.001,
          "noise_std": 0.001,
          "lr": 0.01,
          "out_dim": 68,
          "epochs": 5000,
          "adam_betas": [
            0.9,
            0.999
          ],
          "auc_roc": 0.9965895621364087,
          "auc_pr": 0.9061355889415166,
          "f1": 0.8832770427292164,
          "precision": 0.8230640411156667,
          "recall": 0.9529954533297673,
          "fpr": 0.00631695268882823,
          "acc": 0.992466,
          "best_threshold": 144.89066103834602,
          "score_normal_mean": 29.24232896982853,
          "score_anomaly_mean": 256.81223762542305,
          "separation_ratio": 8.782208759445775,
          "train_time_s": 76.49463319778442,
          "seed": 42
        },
        "run": 0,
        "seed": 42,
        "time_s": 72.85309600830078
      }
    ],
    "C": [
      {
        "auc_roc": 0.9952878225510438,
        "auc_pr": 0.9072902107125388,
        "precision": 0.8279851121617543,
        "recall": 0.9245198247781646,
        "f1": 0.8735937168329441,
        "fpr": 0.005874330549610611,
        "acc": 0.99206,
        "tp": 8231,
        "fp": 1710,
        "tn": 289387,
        "fn": 672,
        "threshold": 349.22565406530947,
        "score_normal_mean": 61.97831489621487,
        "score_anomaly_mean": 514.6539002197533,