{
  "config_id": "M1024_k3_od19_n0.001_e10000_lr5",
  "base_id": "M1024_k5_n0.001_e10000_lr5",
  "memory_len": 1024,
  "k": 3,
  "gamma": 0.0,
  "beta": 0.001,
  "noise_std": 0.001,
  "lr": 0.005,
  "out_dim": 19,
  "epochs": 10000,
  "auc_roc": 0.9957906263234393,
  "auc_pr": 0.902437947110386,
  "f1": 0.058086741722747394,
  "precision": 0.029912119648478588,
  "recall": 0.9999999999999933,
  "fpr": 0.9999958766627355,
  "acc": 0.029916,
  "best_threshold": 0.304914846800658,
  "score_normal_mean": 2.730493155519115,
  "score_anomaly_mean": 31.471174093882457,
  "separation_ratio": 11.525820538724862,
  "train_time_s": 78.95389151573181
}