{
  "config_id": "M2048_k3_od38_n0.001_e10000_lr5",
  "base_id": "M1024_k5_n0.001_e10000_lr5",
  "memory_len": 2048,
  "k": 3,
  "gamma": 0.0,
  "beta": 0.001,
  "noise_std": 0.001,
  "lr": 0.005,
  "out_dim": 38,
  "epochs": 10000,
  "auc_roc": 0.9966995977721443,
  "auc_pr": 0.9094549094260549,
  "f1": 0.05808685452283153,
  "precision": 0.02991217947307683,
  "recall": 0.9999999999999933,
  "fpr": 0.9999938149941033,
  "acc": 0.029918,
  "best_threshold": 0.4477558077991337,
  "score_normal_mean": 6.259620663529535,
  "score_anomaly_mean": 67.22768672120287,
  "separation_ratio": 10.73989788419895,
  "train_time_s": 156.5051257610321
}