{
  "config_id": "M2048_k5_od76_n0.001_e10000_lr5",
  "base_id": "M1024_k5_n0.001_e10000_lr5",
  "memory_len": 2048,
  "k": 5,
  "gamma": 0.0,
  "beta": 0.001,
  "noise_std": 0.001,
  "lr": 0.005,
  "out_dim": 76,
  "epochs": 10000,
  "auc_roc": 0.9969419905766073,
  "auc_pr": 0.9172888811193086,
  "f1": 0.05808651612389343,
  "precision": 0.029911999999999994,
  "recall": 0.9999999999999933,
  "fpr": 0.9999999999999998,
  "acc": 0.029912,
  "best_threshold": 0.05808651612389343,
  "score_normal_mean": 23.68919455942425,
  "score_anomaly_mean": 253.60545319374566,
  "separation_ratio": 10.705532961726783,
  "train_time_s": 197.7106466293335
}