{
  "config_id": "M2048_k5_od19_n0.001_e10000_lr5",
  "base_id": "M1024_k5_n0.001_e10000_lr5",
  "memory_len": 2048,
  "k": 5,
  "gamma": 0.0,
  "beta": 0.001,
  "noise_std": 0.001,
  "lr": 0.005,
  "out_dim": 19,
  "epochs": 10000,
  "auc_roc": 0.9955099865056042,
  "auc_pr": 0.8984087072860305,
  "f1": 0.05808662892310137,
  "precision": 0.029912059824119642,
  "recall": 0.9999999999999933,
  "fpr": 0.9999979383313676,
  "acc": 0.029914,
  "best_threshold": 0.5435137464524915,
  "score_normal_mean": 4.344399121875474,
  "score_anomaly_mean": 49.314365753254876,
  "separation_ratio": 11.351251201531127,
  "train_time_s": 129.56275343894958
}