{
  "config_id": "M512_k3_od19_n0.001_e10000_lr5",
  "base_id": "M1024_k5_n0.001_e10000_lr5",
  "memory_len": 512,
  "k": 3,
  "gamma": 0.0,
  "beta": 0.001,
  "noise_std": 0.001,
  "lr": 0.005,
  "out_dim": 19,
  "epochs": 10000,
  "auc_roc": 0.9959182945607332,
  "auc_pr": 0.8954903187523002,
  "f1": 0.05808662892310137,
  "precision": 0.029912059824119642,
  "recall": 0.9999999999999933,
  "fpr": 0.9999979383313676,
  "acc": 0.029914,
  "best_threshold": 0.39282934740728465,
  "score_normal_mean": 3.112894508129774,
  "score_anomaly_mean": 33.936774982483705,
  "separation_ratio": 10.901999696026547,
  "train_time_s": 75.03980326652527
}