{
  "config_id": "M512_k10_od19_n0.001_e10000_lr5",
  "base_id": "M1024_k5_n0.001_e10000_lr5",
  "memory_len": 512,
  "k": 10,
  "gamma": 0.0,
  "beta": 0.001,
  "noise_std": 0.001,
  "lr": 0.005,
  "out_dim": 19,
  "epochs": 10000,
  "auc_roc": 0.9958880782126126,
  "auc_pr": 0.8960093564439696,
  "f1": 0.05808651612389343,
  "precision": 0.029911999999999994,
  "recall": 0.9999999999999933,
  "fpr": 0.9999999999999998,
  "acc": 0.029912,
  "best_threshold": 0.05808651612389343,
  "score_normal_mean": 11.933435137541677,
  "score_anomaly_mean": 115.08897517871398,
  "separation_ratio": 9.6442452530444,
  "train_time_s": 57.423991680145264
}