{
  "config_id": "M512_k5_od76_n0.001_e10000_lr5",
  "base_id": "M1024_k5_n0.001_e10000_lr5",
  "memory_len": 512,
  "k": 5,
  "gamma": 0.0,
  "beta": 0.001,
  "noise_std": 0.001,
  "lr": 0.005,
  "out_dim": 76,
  "epochs": 10000,
  "auc_roc": 0.996587680016011,
  "auc_pr": 0.9012777075811187,
  "f1": 0.05808651612389343,
  "precision": 0.029911999999999994,
  "recall": 0.9999999999999933,
  "fpr": 0.9999999999999998,
  "acc": 0.029912,
  "best_threshold": 0.05808651612389343,
  "score_normal_mean": 30.150673913432296,
  "score_anomaly_mean": 270.25204102869947,
  "separation_ratio": 8.963383100614687,
  "train_time_s": 71.74939703941345
}