{
  "config_id": "M1024_k10_g0_b0p001_e1000_lr10_n0.001",
  "stage": 2,
  "base_id": "M1024_k10_g0_b0p001",
  "memory_len": 1024,
  "k": 10,
  "gamma": 0.0,
  "beta": 0.001,
  "noise_std": 0.001,
  "lr": 0.01,
  "out_dim": 38,
  "epochs": 1000,
  "adam_betas": [
    0.9,
    0.999
  ],
  "auc_roc": 0.9961625492907255,
  "auc_pr": 0.8964729946383616,
  "f1": 0.8680125733173466,
  "precision": 0.8421681443752751,
  "recall": 0.8954934474458411,
  "fpr": 0.005174788266631481,
  "acc": 0.991854,
  "best_threshold": 172.5669348635266,
  "score_normal_mean": 38.234332895456085,
  "score_anomaly_mean": 265.42301863086004,
  "separation_ratio": 6.942007314645836,
  "train_time_s": 55.88257670402527
}