{
  "config_id": "M1024_k10_g0_b0p001_e500_lr5_n0.001",
  "stage": 2,
  "base_id": "M1024_k10_g0_b0p001",
  "memory_len": 1024,
  "k": 10,
  "gamma": 0.0,
  "beta": 0.001,
  "noise_std": 0.001,
  "lr": 0.005,
  "out_dim": 38,
  "epochs": 500,
  "adam_betas": [
    0.9,
    0.999
  ],
  "auc_roc": 0.9945243824230534,
  "auc_pr": 0.8638569353628608,
  "f1": 0.8169265645393968,
  "precision": 0.839949145359514,
  "recall": 0.7951323883391281,
  "fpr": 0.004671741120393202,
  "acc": 0.98934,
  "best_threshold": 211.25304111404037,
  "score_normal_mean": 52.3065527209403,
  "score_anomaly_mean": 262.7028090582075,
  "separation_ratio": 5.022369003358877,
  "train_time_s": 56.73184108734131
}