{
  "config_id": "M1024_k3_g0_b0p001_e500_lr10_n0.001",
  "stage": 2,
  "base_id": "M1024_k3_g0_b0p001",
  "memory_len": 1024,
  "k": 3,
  "gamma": 0.0,
  "beta": 0.001,
  "noise_std": 0.001,
  "lr": 0.01,
  "out_dim": 38,
  "epochs": 500,
  "adam_betas": [
    0.9,
    0.999
  ],
  "auc_roc": 0.9950202704539148,
  "auc_pr": 0.8785135323975402,
  "f1": 0.8482069215796245,
  "precision": 0.837186584174536,
  "recall": 0.8595212623696176,
  "fpr": 0.00515417158031024,
  "acc": 0.990798,
  "best_threshold": 56.16457464467341,
  "score_normal_mean": 12.76061433641706,
  "score_anomaly_mean": 76.41509850253456,
  "separation_ratio": 5.988355770964431,
  "train_time_s": 56.03382349014282
}