{
  "config_id": "M256_k10_g0_b0p001_e1000_lr5_n0.001",
  "stage": 2,
  "base_id": "M256_k10_g0_b0p001",
  "memory_len": 256,
  "k": 10,
  "gamma": 0.0,
  "beta": 0.001,
  "noise_std": 0.001,
  "lr": 0.005,
  "out_dim": 38,
  "epochs": 1000,
  "adam_betas": [
    0.9,
    0.999
  ],
  "auc_roc": 0.9952150667100941,
  "auc_pr": 0.876859479199944,
  "f1": 0.8091312618896638,
  "precision": 0.6884353741496598,
  "recall": 0.9811446910938754,
  "fpr": 0.013691541385936121,
  "acc": 0.986154,
  "best_threshold": 194.60376517137692,
  "score_normal_mean": 58.24465435347396,
  "score_anomaly_mean": 292.4479907641088,
  "separation_ratio": 5.021027148505448,
  "train_time_s": 30.20288348197937
}