{
  "config_id": "M256_k5_g0_b0p001_e500_lr5_n0.001",
  "stage": 2,
  "base_id": "M256_k5_g0_b0p001",
  "memory_len": 256,
  "k": 5,
  "gamma": 0.0,
  "beta": 0.001,
  "noise_std": 0.001,
  "lr": 0.005,
  "out_dim": 38,
  "epochs": 500,
  "adam_betas": [
    0.9,
    0.999
  ],
  "auc_roc": 0.994280497610671,
  "auc_pr": 0.8554948956000095,
  "f1": 0.8032318072021545,
  "precision": 0.6868144912397323,
  "recall": 0.9671703664081305,
  "fpr": 0.013598766297490537,
  "acc": 0.985826,
  "best_threshold": 97.93266817792576,
  "score_normal_mean": 30.374302490371512,
  "score_anomaly_mean": 143.1788251219538,
  "separation_ratio": 4.71381442149464,
  "train_time_s": 29.45363450050354
}