{
  "config_id": "M256_k5_g0_b0p001_e500_lr10_n0.001",
  "stage": 2,
  "base_id": "M256_k5_g0_b0p001",
  "memory_len": 256,
  "k": 5,
  "gamma": 0.0,
  "beta": 0.001,
  "noise_std": 0.001,
  "lr": 0.01,
  "out_dim": 38,
  "epochs": 500,
  "adam_betas": [
    0.9,
    0.999
  ],
  "auc_roc": 0.9953357726113621,
  "auc_pr": 0.8870475657268886,
  "f1": 0.8042013802964063,
  "precision": 0.6829496100499697,
  "recall": 0.9778015512169029,
  "fpr": 0.013996668343490488,
  "acc": 0.985758,
  "best_threshold": 91.39848003674992,
  "score_normal_mean": 27.27941780957173,
  "score_anomaly_mean": 145.81358439184567,
  "separation_ratio": 5.345186814825754,
  "train_time_s": 28.982788562774658
}