{
  "config_id": "M256_k10_g0_b0p001_e500_lr5_n0.001",
  "stage": 2,
  "base_id": "M256_k10_g0_b0p001",
  "memory_len": 256,
  "k": 10,
  "gamma": 0.0,
  "beta": 0.001,
  "noise_std": 0.001,
  "lr": 0.005,
  "out_dim": 38,
  "epochs": 500,
  "adam_betas": [
    0.9,
    0.999
  ],
  "auc_roc": 0.9946714657175253,
  "auc_pr": 0.864074284273729,
  "f1": 0.8069609696430557,
  "precision": 0.6906166730110392,
  "recall": 0.9704466434875635,
  "fpr": 0.013404969446070872,
  "acc": 0.986112,
  "best_threshold": 209.54444714646843,
  "score_normal_mean": 66.70730247959291,
  "score_anomaly_mean": 292.4658680490135,
  "separation_ratio": 4.384315617296692,
  "train_time_s": 30.057470560073853
}