{
  "config_id": "M256_k10_g0_b0p001_e1000_lr10_n0.001",
  "stage": 2,
  "base_id": "M256_k10_g0_b0p001",
  "memory_len": 256,
  "k": 10,
  "gamma": 0.0,
  "beta": 0.001,
  "noise_std": 0.001,
  "lr": 0.01,
  "out_dim": 38,
  "epochs": 1000,
  "adam_betas": [
    0.9,
    0.999
  ],
  "auc_roc": 0.9958210346951228,
  "auc_pr": 0.8956053672894293,
  "f1": 0.8213198316855395,
  "precision": 0.8409106830122592,
  "recall": 0.8026210216635464,
  "fpr": 0.004682049463553822,
  "acc": 0.989554,
  "best_threshold": 257.2534978952839,
  "score_normal_mean": 53.52644245491492,
  "score_anomaly_mean": 293.30900151935543,
  "separation_ratio": 5.479702892012827,
  "train_time_s": 30.121455669403076
}