{
  "config_id": "M256_k5_g0_b0p001_e1000_lr10_n0.001",
  "stage": 2,
  "base_id": "M256_k5_g0_b0p001",
  "memory_len": 256,
  "k": 5,
  "gamma": 0.0,
  "beta": 0.001,
  "noise_std": 0.001,
  "lr": 0.01,
  "out_dim": 38,
  "epochs": 1000,
  "adam_betas": [
    0.9,
    0.999
  ],
  "auc_roc": 0.9957010052185657,
  "auc_pr": 0.8924255406784413,
  "f1": 0.8097286565188616,
  "precision": 0.6890369814154308,
  "recall": 0.981679593474191,
  "fpr": 0.01366061635645426,
  "acc": 0.9862,
  "best_threshold": 89.9744796369543,
  "score_normal_mean": 24.065520093400526,
  "score_anomaly_mean": 143.59245717611566,
  "separation_ratio": 5.966729853284697,
  "train_time_s": 30.025229692459106
}