{
  "config_id": "M512_k3_g0_b0p001_e1000_lr5_n0.001",
  "stage": 2,
  "base_id": "M512_k3_g0_b0p001",
  "memory_len": 512,
  "k": 3,
  "gamma": 0.0,
  "beta": 0.001,
  "noise_std": 0.001,
  "lr": 0.005,
  "out_dim": 38,
  "epochs": 1000,
  "adam_betas": [
    0.9,
    0.999
  ],
  "auc_roc": 0.9946291646359773,
  "auc_pr": 0.8559947574749562,
  "f1": 0.800915836804502,
  "precision": 0.6817093214369571,
  "recall": 0.9706472318801819,
  "fpr": 0.013973989988537123,
  "acc": 0.985566,
  "best_threshold": 43.273677902605066,
  "score_normal_mean": 12.163712702653768,
  "score_anomaly_mean": 76.1429705253799,
  "separation_ratio": 6.259846182388681,
  "train_time_s": 34.50547647476196
}