{
  "config_id": "M512_k3_g0_b0p001_e500_lr10_n0.001",
  "stage": 2,
  "base_id": "M512_k3_g0_b0p001",
  "memory_len": 512,
  "k": 3,
  "gamma": 0.0,
  "beta": 0.001,
  "noise_std": 0.001,
  "lr": 0.01,
  "out_dim": 38,
  "epochs": 500,
  "adam_betas": [
    0.9,
    0.999
  ],
  "auc_roc": 0.99428953181615,
  "auc_pr": 0.8508243538049702,
  "f1": 0.7941411304754824,
  "precision": 0.6750292534519073,
  "recall": 0.9642952661139342,
  "fpr": 0.014314165312837598,
  "acc": 0.985046,
  "best_threshold": 42.99323791475152,
  "score_normal_mean": 12.615004430885435,
  "score_anomaly_mean": 76.03688220953552,
  "separation_ratio": 6.027495481759301,
  "train_time_s": 38.23424816131592
}