{
  "timestamp": "20260514_161858",
  "mode": "quick",
  "n_folds": 1,
  "seeds": [
    42
  ],
  "anomaly_rate": 0.05,
  "fraud_type": "mixed",
  "train_size": 20000,
  "test_size": 15000,
  "device": "cuda",
  "n_total_runs": 6,
  "n_completed_runs": 6,
  "summary": [
    {
      "cfg_name": "mem256_k15_g0.0_ld60_ep20_lr0.001_ns0.1",
      "cfg": {
        "memory_len": 256,
        "k": 15,
        "gamma": 0.0,
        "latent_dim": 60,
        "epochs": 20,
        "lr": 0.001,
        "noise_std": 0.1
      },
      "n_runs": 1,
      "F1_mean": 0.7914951989026063,
      "F1_std": 0.0,
      "F1_max": 0.7914951989026063,
      "F1_min": 0.7914951989026063,
      "AUC_PR_mean": 0.8144268428493712,
      "AUC_PR_std": 0.0,
      "AUC_ROC_mean": 0.9635188624349919,
      "AUC_ROC_std": 0.0,
      "bestF1_mean": 0.8133748055987557,
      "bestF1_std": 0.0,
      "threshold_mean": 1814.0915711199132
    },
    {
      "cfg_name": "mem128_k10_g0.0_ld60_ep20_lr0.001_ns0.1",
      "cfg": {
        "memory_len": 128,
        "k": 10,
        "gamma": 0.0,
        "latent_dim": 60,
        "epochs": 20,
        "lr": 0.001,
        "noise_std": 0.1
      },
      "n_runs": 1,
      "F1_mean": 0.7860082304526749,
      "F1_std": 0.0,
      "F1_max": 0.7860082304526749,
      "F1_min": 0.7860082304526749,
      "AUC_PR_mean": 0.8147757947410407,
      "AUC_PR_std": 0.0,
      "AUC_ROC_mean": 0.9634708327206086,
      "AUC_ROC_std": 0.0,
      "bestF1_mean": 0.8191330343796712,
      "bestF1_std": 0.0,
      "threshold_mean": 1209.9517842444388
    },
    {
      "cfg_name": "mem512_k10_g0.0_ld60_ep20_lr0.001_ns0.1",
      "cfg": {
        "memory_len": 512,
        "k": 10,
        "gamma": 0.0,
        "latent_dim": 60,
        "epochs": 20,
        "lr": 0.001,
        "noise_std": 0.1
      },
      "n_runs": 1,
      "F1_mean": 0.7818930041152264,
      "F1_std": 0.0,
      "F1_max": 0.7818930041152264,
      "F1_min": 0.7818930041152264,
      "AUC_PR_mean": 0.8006474102566425,
      "AUC_PR_std": 0.0,
      "AUC_ROC_mean": 0.9623765260799373,
      "AUC_ROC_std": 0.0,
      "bestF1_mean": 0.7706792199058506,
      "bestF1_std": 0.0,
      "threshold_mean": 755.3741113854855
    },
    {
      "cfg_name": "mem256_k10_g0.0_ld60_ep20_lr0.001_ns0.1",
      "cfg": {
        "memory_len": 256,
        "k": 10,
        "gamma": 0.0,
        "latent_dim": 60,
        "epochs": 20,
        "lr": 0.001,
        "noise_std": 0.1
      },
      "n_runs": 1,
      "F1_mean": 0.7599451303155006,
      "F1_std": 0.0,
      "F1_max": 0.7599451303155006,
      "F1_min": 0.7599451303155006,
      "AUC_PR_mean": 0.7944573878917167,
      "AUC_PR_std": 0.0,
      "AUC_ROC_mean": 0.9605231325335496,
      "AUC_ROC_std": 0.0,
      "bestF1_mean": 0.7750385208012327,
      "bestF1_std": 0.0,
      "threshold_mean": 1057.9775298464476
    },
    {
      "cfg_name": "mem256_k5_g0.0_ld60_ep20_lr0.001_ns0.1",
      "cfg": {
        "memory_len": 256,
        "k": 5,
        "gamma": 0.0,
        "latent_dim": 60,
        "epochs": 20,
        "lr": 0.001,
        "noise_std": 0.1
      },
      "n_runs": 1,
      "F1_mean": 0.7462277091906722,
      "F1_std": 0.0,
      "F1_max": 0.7462277091906722,
      "F1_min": 0.7462277091906722,
      "AUC_PR_mean": 0.7695024907691606,
      "AUC_PR_std": 0.0,
      "AUC_ROC_mean": 0.9554129092803687,
      "AUC_ROC_std": 0.0,
      "bestF1_mean": 0.7426356589147286,
      "bestF1_std": 0.0,
      "threshold_mean": 453.32375415307297
    },
    {
      "cfg_name": "mem256_k10_g0.5_ld60_ep20_lr0.001_ns0.1",
      "cfg": {
        "memory_len": 256,
        "k": 10,
        "gamma": 0.5,
        "latent_dim": 60,
        "epochs": 20,
        "lr": 0.001,
        "noise_std": 0.1
      },
      "n_runs": 1,
      "F1_mean": 0.7352537722908092,
      "F1_std": 0.0,
      "F1_max": 0.7352537722908092,
      "F1_min": 0.7352537722908092,
      "AUC_PR_mean": 0.7547056423569358,
      "AUC_PR_std": 0.0,
      "AUC_ROC_mean": 0.9509596850831963,
      "AUC_ROC_std": 0.0,
      "bestF1_mean": 0.7381656804733727,
      "bestF1_std": 0.0,
      "threshold_mean": 151.1235044153461
    }
  ],
  "best_config": {
    "cfg_name": "mem256_k15_g0.0_ld60_ep20_lr0.001_ns0.1",
    "cfg": {
      "memory_len": 256,
      "k": 15,
      "gamma": 0.0,
      "latent_dim": 60,
      "epochs": 20,
      "lr": 0.001,
      "noise_std": 0.1
    },
    "n_runs": 1,
    "F1_mean": 0.7914951989026063,
    "F1_std": 0.0,
    "F1_max": 0.7914951989026063,
    "F1_min": 0.7914951989026063,
    "AUC_PR_mean": 0.8144268428493712,
    "AUC_PR_std": 0.0,
    "AUC_ROC_mean": 0.9635188624349919,
    "AUC_ROC_std": 0.0,
    "bestF1_mean": 0.8133748055987557,
    "bestF1_std": 0.0,
    "threshold_mean": 1814.0915711199132
  },
  "all_results": [
    {
      "run_id": 0,
      "cfg_name": "mem128_k10_g0.0_ld60_ep20_lr0.001_ns0.1",
      "cfg": {
        "memory_len": 128,
        "k": 10,
        "gamma": 0.0,
        "latent_dim": 60,
        "epochs": 20,
        "lr": 0.001,
        "noise_std": 0.1
      },
      "fold": 0,
      "test_month": "2024-01",
      "seed": 42,
      "n_anom": 708,
      "elapsed_s": 12.122543096542358,
      "metrics_default": {
        "AUC_PR": 0.8147757947410407,
        "AUC_ROC": 0.9634708327206086,
        "F1": 0.7860082304526749,
        "Precision": 0.764,
        "Recall": 0.809322033898305,
        "FPR": 0.012384550797649035,
        "TP": 573,
        "FP": 177,
        "TN": 14115,
        "FN": 135,
        "threshold_used": 1099.560882568359
      },
      "metrics_best": {
        "AUC_PR": 0.8147757947410407,
        "AUC_ROC": 0.9634708327206086,
        "F1": 0.8191330343796712,
        "Precision": 0.8698412698412699,
        "Recall": 0.7740112994350282,
        "FPR": 0.005737475510775259,
        "TP": 548,
        "FP": 82,
        "TN": 14210,
        "FN": 160,
        "threshold_used": 1209.9517842444388
      },
      "best_threshold": 1209.9517842444388,
      "best_f1": 0.8191330343796712
    },
    {
      "run_id": 1,
      "cfg_name": "mem256_k10_g0.0_ld60_ep20_lr0.001_ns0.1",
      "cfg": {
        "memory_len": 256,
        "k": 10,
        "gamma": 0.0,
        "latent_dim": 60,
        "epochs": 20,
        "lr": 0.001,
        "noise_std": 0.1
      },
      "fold": 0,
      "test_month": "2024-01",
      "seed": 42,
      "n_anom": 708,
      "elapsed_s": 11.272889852523804,
      "metrics_default": {
        "AUC_PR": 0.7944573878917167,
        "AUC_ROC": 0.9605231325335496,
        "F1": 0.7599451303155006,
        "Precision": 0.7386666666666667,
        "Recall": 0.7824858757062146,
        "FPR": 0.01371396585502379,
        "TP": 554,
        "FP": 196,
        "TN": 14096,
        "FN": 154,
        "threshold_used": 926.7201477050772
      },
      "metrics_best": {
        "AUC_PR": 0.7944573878917167,
        "AUC_ROC": 0.9605231325335496,
        "F1": 0.7750385208012327,
        "Precision": 0.8525423728813559,
        "Recall": 0.71045197740113,
        "FPR": 0.006087321578505458,
        "TP": 503,
        "FP": 87,
        "TN": 14205,
        "FN": 205,
        "threshold_used": 1057.9775298464476
      },
      "best_threshold": 1057.9775298464476,
      "best_f1": 0.7750385208012327
    },
    {
      "run_id": 2,
      "cfg_name": "mem512_k10_g0.0_ld60_ep20_lr0.001_ns0.1",
      "cfg": {
        "memory_len": 512,
        "k": 10,
        "gamma": 0.0,
        "latent_dim": 60,
        "epochs": 20,
        "lr": 0.001,
        "noise_std": 0.1
      },
      "fold": 0,
      "test_month": "2024-01",
      "seed": 42,
      "n_anom": 708,
      "elapsed_s": 11.681672811508179,
      "metrics_default": {
        "AUC_PR": 0.8006474102566425,
        "AUC_ROC": 0.9623765260799373,
        "F1": 0.7818930041152264,
        "Precision": 0.76,
        "Recall": 0.8050847457627118,
        "FPR": 0.012594458438287154,
        "TP": 570,
        "FP": 180,
        "TN": 14112,