{
  "config_id": "M1024_k10_od38_n0.001_e1000_lr10",
  "base_id": "M1024_k10_g0_b0p001_e1000_lr10_n0.001",
  "memory_len": 1024,
  "k": 10,
  "gamma": 0.0,
  "beta": 0.001,
  "noise_std": 0.001,
  "lr": 0.01,
  "out_dim": 38,
  "epochs": 1000,
  "auc_roc": 0.9961625492907255,
  "auc_pr": 0.8964807998001484,
  "f1": 0.05808651612389343,
  "precision": 0.029911999999999994,
  "recall": 0.9999999999999933,
  "fpr": 0.9999999999999998,
  "acc": 0.029912,
  "best_threshold": 0.05808651612389343,
  "score_normal_mean": 38.234332895456085,
  "score_anomaly_mean": 265.42301863086004,
  "separation_ratio": 6.942007314627679,
  "train_time_s": 52.29561710357666
}