{
  "config_id": "M1024_k5_od19_n0.001_e1000_lr10",
  "base_id": "M1024_k10_g0_b0p001_e1000_lr10_n0.001",
  "memory_len": 1024,
  "k": 5,
  "gamma": 0.0,
  "beta": 0.001,
  "noise_std": 0.001,
  "lr": 0.01,
  "out_dim": 19,
  "epochs": 1000,
  "auc_roc": 0.9948672318098679,
  "auc_pr": 0.8880416160156845,
  "f1": 0.05808651612389343,
  "precision": 0.029911999999999994,
  "recall": 0.9999999999999933,
  "fpr": 0.9999999999999998,
  "acc": 0.029912,
  "best_threshold": 0.05808651612389343,
  "score_normal_mean": 8.817588738474644,
  "score_anomaly_mean": 61.451746982379085,
  "separation_ratio": 6.969223537671219,
  "train_time_s": 43.51924204826355
}