{
  "config_id": "M1024_k10_od76_n0.001_e1000_lr10",
  "base_id": "M1024_k10_g0_b0p001_e1000_lr10_n0.001",
  "memory_len": 1024,
  "k": 10,
  "gamma": 0.0,
  "beta": 0.001,
  "noise_std": 0.001,
  "lr": 0.01,
  "out_dim": 76,
  "epochs": 1000,
  "auc_roc": 0.9964837195894972,
  "auc_pr": 0.9067850607098861,
  "f1": 0.05808651612389343,
  "precision": 0.029911999999999994,
  "recall": 0.9999999999999933,
  "fpr": 0.9999999999999998,
  "acc": 0.029912,
  "best_threshold": 0.05808651612389343,
  "score_normal_mean": 77.3942120936404,
  "score_anomaly_mean": 546.1834138269314,
  "separation_ratio": 7.057160982082101,
  "train_time_s": 57.822423696517944
}