{
  "config_id": "M1024_k3_od19_n0.001_e1000_lr10",
  "base_id": "M1024_k10_g0_b0p001_e1000_lr10_n0.001",
  "memory_len": 1024,
  "k": 3,
  "gamma": 0.0,
  "beta": 0.001,
  "noise_std": 0.001,
  "lr": 0.01,
  "out_dim": 19,
  "epochs": 1000,
  "auc_roc": 0.9946305784146274,
  "auc_pr": 0.8863396393190057,
  "f1": 0.05808662892310137,
  "precision": 0.029912059824119642,
  "recall": 0.9999999999999933,
  "fpr": 0.9999979383313676,
  "acc": 0.029914,
  "best_threshold": 0.46008573022463034,
  "score_normal_mean": 5.0844846756241155,
  "score_anomaly_mean": 36.52373610403041,
  "separation_ratio": 7.183370279079231,
  "train_time_s": 40.84149432182312
}