{
  "config_id": "M2048_k10_od38_n0.001_e1000_lr10",
  "base_id": "M1024_k10_g0_b0p001_e1000_lr10_n0.001",
  "memory_len": 2048,
  "k": 10,
  "gamma": 0.0,
  "beta": 0.001,
  "noise_std": 0.001,
  "lr": 0.01,
  "out_dim": 38,
  "epochs": 1000,
  "auc_roc": 0.9963664060126052,
  "auc_pr": 0.9036124737605675,
  "f1": 0.05808651612389343,
  "precision": 0.029911999999999994,
  "recall": 0.9999999999999933,
  "fpr": 0.9999999999999998,
  "acc": 0.029912,
  "best_threshold": 0.05808651612389343,
  "score_normal_mean": 30.62988381481516,
  "score_anomaly_mean": 244.5251737327045,
  "separation_ratio": 7.983222372317112,
  "train_time_s": 95.88905549049377
}