{
  "config_id": "M2048_k3_od38_n0.001_e1000_lr10",
  "base_id": "M1024_k10_g0_b0p001_e1000_lr10_n0.001",
  "memory_len": 2048,
  "k": 3,
  "gamma": 0.0,
  "beta": 0.001,
  "noise_std": 0.001,
  "lr": 0.01,
  "out_dim": 38,
  "epochs": 1000,
  "auc_roc": 0.9962934717277652,
  "auc_pr": 0.9014993050740775,
  "f1": 0.05808662892310137,
  "precision": 0.029912059824119642,
  "recall": 0.9999999999999933,
  "fpr": 0.9999979383313676,
  "acc": 0.029914,
  "best_threshold": 0.5929852530470346,
  "score_normal_mean": 9.417080591622124,
  "score_anomaly_mean": 72.29127464092934,
  "separation_ratio": 7.676612081293579,
  "train_time_s": 86.52803254127502
}