{
  "config_id": "M2048_k3_od76_n0.001_e1000_lr10",
  "base_id": "M1024_k10_g0_b0p001_e1000_lr10_n0.001",
  "memory_len": 2048,
  "k": 3,
  "gamma": 0.0,
  "beta": 0.001,
  "noise_std": 0.001,
  "lr": 0.01,
  "out_dim": 76,
  "epochs": 1000,
  "auc_roc": 0.996628472134221,
  "auc_pr": 0.9125835944444012,
  "f1": 0.05808651612389343,
  "precision": 0.029911999999999994,
  "recall": 0.9999999999999933,
  "fpr": 0.9999999999999998,
  "acc": 0.029912,
  "best_threshold": 0.05808651612389343,
  "score_normal_mean": 19.829135986023175,
  "score_anomaly_mean": 152.4284453167575,
  "separation_ratio": 7.68709465825591,
  "train_time_s": 116.37731623649597
}