{
  "config_id": "M2048_k5_od19_n0.001_e1000_lr10",
  "base_id": "M1024_k10_g0_b0p001_e1000_lr10_n0.001",
  "memory_len": 2048,
  "k": 5,
  "gamma": 0.0,
  "beta": 0.001,
  "noise_std": 0.001,
  "lr": 0.01,
  "out_dim": 19,
  "epochs": 1000,
  "auc_roc": 0.9946976468138493,
  "auc_pr": 0.8866881882786968,
  "f1": 0.05808662892310137,
  "precision": 0.029912059824119642,
  "recall": 0.9999999999999933,
  "fpr": 0.9999979383313676,
  "acc": 0.029914,
  "best_threshold": 0.6682961051445245,
  "score_normal_mean": 7.2078531582782395,
  "score_anomaly_mean": 56.35285874352349,
  "separation_ratio": 7.818258433583687,
  "train_time_s": 75.46554207801819
}