{
  "config_id": "M2048_k10_od19_n0.001_e1000_lr10",
  "base_id": "M1024_k10_g0_b0p001_e1000_lr10_n0.001",
  "memory_len": 2048,
  "k": 10,
  "gamma": 0.0,
  "beta": 0.001,
  "noise_std": 0.001,
  "lr": 0.01,
  "out_dim": 19,
  "epochs": 1000,
  "auc_roc": 0.9949331399346264,
  "auc_pr": 0.8884450824379773,
  "f1": 0.05808651612389343,
  "precision": 0.029911999999999994,
  "recall": 0.9999999999999933,
  "fpr": 0.9999999999999998,
  "acc": 0.029912,
  "best_threshold": 0.05808651612389343,
  "score_normal_mean": 14.26351006835825,
  "score_anomaly_mean": 114.30402019907683,
  "separation_ratio": 8.013737127149657,
  "train_time_s": 76.12139630317688
}