{
  "config_id": "M2048_k3_od19_n0.001_e1000_lr10",
  "base_id": "M1024_k10_g0_b0p001_e1000_lr10_n0.001",
  "memory_len": 2048,
  "k": 3,
  "gamma": 0.0,
  "beta": 0.001,
  "noise_std": 0.001,
  "lr": 0.01,
  "out_dim": 19,
  "epochs": 1000,
  "auc_roc": 0.9946319697239014,
  "auc_pr": 0.8858830535304025,
  "f1": 0.058086741722747394,
  "precision": 0.029912119648478588,
  "recall": 0.9999999999999933,
  "fpr": 0.9999958766627355,
  "acc": 0.029916,
  "best_threshold": 0.2663384064226433,
  "score_normal_mean": 4.251284447226053,
  "score_anomaly_mean": 33.46492937007158,
  "separation_ratio": 7.871722013595244,
  "train_time_s": 74.68528318405151
}