{
  "config_id": "M512_k5_od19_n0.001_e1000_lr10",
  "base_id": "M1024_k10_g0_b0p001_e1000_lr10_n0.001",
  "memory_len": 512,
  "k": 5,
  "gamma": 0.0,
  "beta": 0.001,
  "noise_std": 0.001,
  "lr": 0.01,
  "out_dim": 19,
  "epochs": 1000,
  "auc_roc": 0.9947279387721095,
  "auc_pr": 0.8724784641941782,
  "f1": 0.05808651612389343,
  "precision": 0.029911999999999994,
  "recall": 0.9999999999999933,
  "fpr": 0.9999999999999998,
  "acc": 0.029912,
  "best_threshold": 0.05808651612389343,
  "score_normal_mean": 9.530767609696698,
  "score_anomaly_mean": 61.76284266921026,
  "separation_ratio": 6.480363932672547,
  "train_time_s": 31.077977657318115
}