{
  "config_id": "M512_k3_od19_n0.001_e1000_lr10",
  "base_id": "M1024_k10_g0_b0p001_e1000_lr10_n0.001",
  "memory_len": 512,
  "k": 3,
  "gamma": 0.0,
  "beta": 0.001,
  "noise_std": 0.001,
  "lr": 0.01,
  "out_dim": 19,
  "epochs": 1000,
  "auc_roc": 0.9947027129688865,
  "auc_pr": 0.871865370213326,
  "f1": 0.05808662892310137,
  "precision": 0.029912059824119642,
  "recall": 0.9999999999999933,
  "fpr": 0.9999979383313676,
  "acc": 0.029914,
  "best_threshold": 0.6138268735566622,
  "score_normal_mean": 5.31777169429745,
  "score_anomaly_mean": 36.619198529549415,
  "separation_ratio": 6.886192306474843,
  "train_time_s": 30.546314001083374
}