{
  "config_id": "M512_k3_od38_n0.001_e1000_lr10",
  "base_id": "M1024_k10_g0_b0p001_e1000_lr10_n0.001",
  "memory_len": 512,
  "k": 3,
  "gamma": 0.0,
  "beta": 0.001,
  "noise_std": 0.001,
  "lr": 0.01,
  "out_dim": 38,
  "epochs": 1000,
  "auc_roc": 0.9951670105045454,
  "auc_pr": 0.8689898353688343,
  "f1": 0.05808651612389343,
  "precision": 0.029911999999999994,
  "recall": 0.9999999999999933,
  "fpr": 0.9999999999999998,
  "acc": 0.029912,
  "best_threshold": 0.05808651612389343,
  "score_normal_mean": 10.810326611089002,
  "score_anomaly_mean": 75.84252852448553,
  "separation_ratio": 7.015748113103846,
  "train_time_s": 35.15759825706482
}