{
  "config_id": "M1024_k5_n0.001_e5000_lr10",
  "base_id": "M1024_k5_g0_b0p001",
  "memory_len": 1024,
  "k": 5,
  "gamma": 0.0,
  "beta": 0.001,
  "noise_std": 0.001,
  "lr": 0.01,
  "out_dim": 38,
  "epochs": 5000,
  "auc_roc": 0.9965487493408587,
  "auc_pr": 0.9056150916523926,
  "f1": 0.05808651612389343,
  "precision": 0.029911999999999994,
  "recall": 0.9999999999999933,
  "fpr": 0.9999999999999998,
  "acc": 0.029912,
  "best_threshold": 0.05808651612389343,
  "score_normal_mean": 14.289320239070232,
  "score_anomaly_mean": 127.4667584371299,
  "separation_ratio": 8.920421426885998,
  "train_time_s": 62.215240240097046
}