{
  "config_id": "M1024_k5_n0.0005_e5000_lr5",
  "base_id": "M1024_k5_g0_b0p001",
  "memory_len": 1024,
  "k": 5,
  "gamma": 0.0,
  "beta": 0.001,
  "noise_std": 0.0005,
  "lr": 0.005,
  "out_dim": 38,
  "epochs": 5000,
  "auc_roc": 0.9966115889483833,
  "auc_pr": 0.906981195389461,
  "f1": 0.05808651612389343,
  "precision": 0.029911999999999994,
  "recall": 0.9999999999999933,
  "fpr": 0.9999999999999998,
  "acc": 0.029912,
  "best_threshold": 0.05808651612389343,
  "score_normal_mean": 13.146282557059502,
  "score_anomaly_mean": 119.41391577405642,
  "separation_ratio": 9.083473997675735,
  "train_time_s": 70.13107872009277
}