{
  "config_id": "M1024_k10_n0.005_e10000_lr5",
  "base_id": "M1024_k10_g0_b0p001",
  "memory_len": 1024,
  "k": 10,
  "gamma": 0.0,
  "beta": 0.001,
  "noise_std": 0.005,
  "lr": 0.005,
  "out_dim": 38,
  "epochs": 10000,
  "auc_roc": 0.9968323386433748,
  "auc_pr": 0.908869826385318,
  "f1": 0.05808651612389343,
  "precision": 0.029911999999999994,
  "recall": 0.9999999999999933,
  "fpr": 0.9999999999999998,
  "acc": 0.029912,
  "best_threshold": 0.05808651612389343,
  "score_normal_mean": 23.775616589385166,
  "score_anomaly_mean": 238.95715111116255,
  "separation_ratio": 10.050513315261066,
  "train_time_s": 74.89372539520264
}