{
  "config_id": "M1024_k5_n0.001_e10000_lr5",
  "base_id": "M1024_k5_g0_b0p001",
  "memory_len": 1024,
  "k": 5,
  "gamma": 0.0,
  "beta": 0.001,
  "noise_std": 0.001,
  "lr": 0.005,
  "out_dim": 38,
  "epochs": 10000,
  "auc_roc": 0.9968002578884443,
  "auc_pr": 0.9102265558615619,
  "f1": 0.05808651612389343,
  "precision": 0.029911999999999994,
  "recall": 0.9999999999999933,
  "fpr": 0.9999999999999998,
  "acc": 0.029912,
  "best_threshold": 0.05808651612389343,
  "score_normal_mean": 11.258922270000909,
  "score_anomaly_mean": 120.14806548584333,
  "separation_ratio": 10.671364683359387,
  "train_time_s": 79.9626669883728
}