{
  "config_id": "M1024_k10_n0.001_e2000_lr5",
  "base_id": "M1024_k10_g0_b0p001",
  "memory_len": 1024,
  "k": 10,
  "gamma": 0.0,
  "beta": 0.001,
  "noise_std": 0.001,
  "lr": 0.005,
  "out_dim": 38,
  "epochs": 2000,
  "auc_roc": 0.9963047589361944,
  "auc_pr": 0.9011355523079545,
  "f1": 0.05808651612389343,
  "precision": 0.029911999999999994,
  "recall": 0.9999999999999933,
  "fpr": 0.9999999999999998,
  "acc": 0.029912,
  "best_threshold": 0.05808651612389343,
  "score_normal_mean": 36.05324181891252,
  "score_anomaly_mean": 257.271786632497,
  "separation_ratio": 7.135884976003069,
  "train_time_s": 59.36001920700073
}