{
  "config_id": "M1024_k5_n0.0005_e10000_lr10",
  "base_id": "M1024_k5_g0_b0p001",
  "memory_len": 1024,
  "k": 5,
  "gamma": 0.0,
  "beta": 0.001,
  "noise_std": 0.0005,
  "lr": 0.01,
  "out_dim": 38,
  "epochs": 10000,
  "auc_roc": 0.996544561765992,
  "auc_pr": 0.9052663445914351,
  "f1": 0.05808651612389343,
  "precision": 0.029911999999999994,
  "recall": 0.9999999999999933,
  "fpr": 0.9999999999999998,
  "acc": 0.029912,
  "best_threshold": 0.05808651612389343,
  "score_normal_mean": 14.11107832035025,
  "score_anomaly_mean": 130.70257437547983,
  "separation_ratio": 9.262408683967209,
  "train_time_s": 77.44872856140137
}