{
  "config_id": "M1024_k10_n0.005_e2000_lr10",
  "base_id": "M1024_k10_g0_b0p001",
  "memory_len": 1024,
  "k": 10,
  "gamma": 0.0,
  "beta": 0.001,
  "noise_std": 0.005,
  "lr": 0.01,
  "out_dim": 38,
  "epochs": 2000,
  "auc_roc": 0.9963202974746216,
  "auc_pr": 0.89749283300896,
  "f1": 0.05808651612389343,
  "precision": 0.029911999999999994,
  "recall": 0.9999999999999933,
  "fpr": 0.9999999999999998,
  "acc": 0.029912,
  "best_threshold": 0.05808651612389343,
  "score_normal_mean": 33.019139666283266,
  "score_anomaly_mean": 254.9899793117561,
  "separation_ratio": 7.722490103864244,
  "train_time_s": 54.64768671989441
}