{
  "config_id": "M1024_k5_n0.005_e5000_lr10",
  "base_id": "M1024_k5_g0_b0p001",
  "memory_len": 1024,
  "k": 5,
  "gamma": 0.0,
  "beta": 0.001,
  "noise_std": 0.005,
  "lr": 0.01,
  "out_dim": 38,
  "epochs": 5000,
  "auc_roc": 0.9965282909051119,
  "auc_pr": 0.9046962902766886,
  "f1": 0.05808651612389343,
  "precision": 0.029911999999999994,
  "recall": 0.9999999999999933,
  "fpr": 0.9999999999999998,
  "acc": 0.029912,
  "best_threshold": 0.05808651612389343,
  "score_normal_mean": 14.252566936728845,
  "score_anomaly_mean": 123.52448082470772,
  "separation_ratio": 8.66682341308769,
  "train_time_s": 72.50320029258728
}