{
  "config_id": "M1024_k5_n0.005_e2000_lr5",
  "base_id": "M1024_k5_g0_b0p001",
  "memory_len": 1024,
  "k": 5,
  "gamma": 0.0,
  "beta": 0.001,
  "noise_std": 0.005,
  "lr": 0.005,
  "out_dim": 38,
  "epochs": 2000,
  "auc_roc": 0.9961051507184094,
  "auc_pr": 0.9014970603613155,
  "f1": 0.05808651612389343,
  "precision": 0.029911999999999994,
  "recall": 0.9999999999999933,
  "fpr": 0.9999999999999998,
  "acc": 0.029912,
  "best_threshold": 0.05808651612389343,
  "score_normal_mean": 18.32892916711997,
  "score_anomaly_mean": 125.44625259574386,
  "separation_ratio": 6.8441670242305195,
  "train_time_s": 57.18456840515137
}