{
  "config_id": "M1024_k5_n0.0005_e2000_lr10",
  "base_id": "M1024_k5_g0_b0p001",
  "memory_len": 1024,
  "k": 5,
  "gamma": 0.0,
  "beta": 0.001,
  "noise_std": 0.0005,
  "lr": 0.01,
  "out_dim": 38,
  "epochs": 2000,
  "auc_roc": 0.9963361098499527,
  "auc_pr": 0.8991809826322188,
  "f1": 0.05808651612389343,
  "precision": 0.029911999999999994,
  "recall": 0.9999999999999933,
  "fpr": 0.9999999999999998,
  "acc": 0.029912,
  "best_threshold": 0.05808651612389343,
  "score_normal_mean": 15.62481662433018,
  "score_anomaly_mean": 126.62315580895253,
  "separation_ratio": 8.103977080343517,
  "train_time_s": 61.342631816864014
}