{
  "config_id": "M256_k10_n0.0005_e2000_lr5",
  "base_id": "M256_k10_g0_b0p001",
  "memory_len": 256,
  "k": 10,
  "gamma": 0.0,
  "beta": 0.001,
  "noise_std": 0.0005,
  "lr": 0.005,
  "out_dim": 38,
  "epochs": 2000,
  "auc_roc": 0.9955067286528616,
  "auc_pr": 0.8803131504065741,
  "f1": 0.05808651612389343,
  "precision": 0.029911999999999994,
  "recall": 0.9999999999999933,
  "fpr": 0.9999999999999998,
  "acc": 0.029912,
  "best_threshold": 0.05808651612389343,
  "score_normal_mean": 50.69139047784055,
  "score_anomaly_mean": 282.27640627054774,
  "separation_ratio": 5.568527586422913,
  "train_time_s": 33.75515556335449
}