{
  "config_id": "M256_k10_n0.001_e10000_lr10",
  "base_id": "M256_k10_g0_b0p001",
  "memory_len": 256,
  "k": 10,
  "gamma": 0.0,
  "beta": 0.001,
  "noise_std": 0.001,
  "lr": 0.01,
  "out_dim": 38,
  "epochs": 10000,
  "auc_roc": 0.9962099767672938,
  "auc_pr": 0.9030656228945839,
  "f1": 0.05808651612389343,
  "precision": 0.029911999999999994,
  "recall": 0.9999999999999933,
  "fpr": 0.9999999999999998,
  "acc": 0.029912,
  "best_threshold": 0.05808651612389343,
  "score_normal_mean": 44.145927688972264,
  "score_anomaly_mean": 292.4842274962469,
  "separation_ratio": 6.625395428458681,
  "train_time_s": 63.55066704750061
}