{
  "config_id": "M256_k10_n0.005_e10000_lr5",
  "base_id": "M256_k10_g0_b0p001",
  "memory_len": 256,
  "k": 10,
  "gamma": 0.0,
  "beta": 0.001,
  "noise_std": 0.005,
  "lr": 0.005,
  "out_dim": 38,
  "epochs": 10000,
  "auc_roc": 0.9957335025529699,
  "auc_pr": 0.8884422754601431,
  "f1": 0.05808651612389343,
  "precision": 0.029911999999999994,
  "recall": 0.9999999999999933,
  "fpr": 0.9999999999999998,
  "acc": 0.029912,
  "best_threshold": 0.05808651612389343,
  "score_normal_mean": 39.44179742531178,
  "score_anomaly_mean": 280.0409513424029,
  "separation_ratio": 7.100106222896843,
  "train_time_s": 76.82053661346436
}