{
  "config_id": "M1024_k10_g0_b0p001",
  "stage": 1,
  "memory_len": 1024,
  "k": 10,
  "gamma": 0.0,
  "beta": 0.001,
  "noise_std": 0.001,
  "lr": 0.01,
  "out_dim": 68,
  "epochs": 5000,
  "adam_betas": [
    0.9,
    0.999
  ],
  "auc_roc": 0.9965895621364087,
  "auc_pr": 0.9061355889415166,
  "f1": 0.8832770427292164,
  "precision": 0.8230640411156667,
  "recall": 0.9529954533297673,
  "fpr": 0.00631695268882823,
  "acc": 0.992466,
  "best_threshold": 144.89066103834602,
  "score_normal_mean": 29.24232896982853,
  "score_anomaly_mean": 256.81223762542305,
  "separation_ratio": 8.782208759445775,
  "train_time_s": 76.49463319778442
}