{
  "config_id": "M1024_k5_g0_b0p001",
  "stage": 1,
  "memory_len": 1024,
  "k": 5,
  "gamma": 0.0,
  "beta": 0.001,
  "noise_std": 0.001,
  "lr": 0.01,
  "out_dim": 68,
  "epochs": 5000,
  "adam_betas": [
    0.9,
    0.999
  ],
  "auc_roc": 0.9965487493408587,
  "auc_pr": 0.9056234727130752,
  "f1": 0.8744936786547195,
  "precision": 0.8081329401088929,
  "recall": 0.9527280021396095,
  "fpr": 0.006974624982475816,
  "acc": 0.99182,
  "best_threshold": 71.6644078547032,
  "score_normal_mean": 14.289320239070232,
  "score_anomaly_mean": 127.4667584371299,
  "separation_ratio": 8.920421426948426,
  "train_time_s": 85.9622118473053
}