{
  "config_id": "M256_k3_g0_b0p001",
  "stage": 1,
  "memory_len": 256,
  "k": 3,
  "gamma": 0.0,
  "beta": 0.001,
  "noise_std": 0.001,
  "lr": 0.01,
  "out_dim": 68,
  "epochs": 5000,
  "adam_betas": [
    0.9,
    0.999
  ],
  "auc_roc": 0.9959759146562834,
  "auc_pr": 0.8920353956333154,
  "f1": 0.8247600041289613,
  "precision": 0.8495782235769476,
  "recall": 0.8013506285102969,
  "fpr": 0.004374860837367331,
  "acc": 0.989814,
  "best_threshold": 75.13977974982717,
  "score_normal_mean": 11.496272387618152,
  "score_anomaly_mean": 83.87517916410165,
  "separation_ratio": 7.2958587215137545,
  "train_time_s": 60.157376766204834
}