{
  "config_id": "M512_k3_g0_b0p001",
  "stage": 1,
  "memory_len": 512,
  "k": 3,
  "gamma": 0.0,
  "beta": 0.001,
  "noise_std": 0.001,
  "lr": 0.01,
  "out_dim": 68,
  "epochs": 5000,
  "adam_betas": [
    0.9,
    0.999
  ],
  "auc_roc": 0.9954127511771036,
  "auc_pr": 0.8604748976711885,
  "f1": 0.8180906301628511,
  "precision": 0.7320485744456178,
  "recall": 0.927052687884461,
  "fpr": 0.010462968308029787,
  "acc": 0.987668,
  "best_threshold": 46.21735119699832,
  "score_normal_mean": 8.497297155134374,
  "score_anomaly_mean": 75.22118377918291,
  "separation_ratio": 8.852365923643326,
  "train_time_s": 48.991644859313965
}