{
  "config_id": "M1024_k10_g0_b0p0001_e2000_lr10_n0.005_od34",
  "stage": 3,
  "memory_len": 1024,
  "k": 10,
  "gamma": 0.0,
  "beta": 0.0001,
  "noise_std": 0.005,
  "lr": 0.01,
  "out_dim": 34,
  "epochs": 5000,
  "adam_betas": [
    0.9,
    0.999
  ],
  "auc_roc": 0.7846148323913044,
  "auc_pr": 0.3278097190665009,
  "f1": 0.405072146917359,
  "precision": 0.31149966375252186,
  "recall": 0.579,
  "fpr": 0.11128260869565218,
  "acc": 0.86394,
  "best_threshold": 0.5019124515603804,
  "score_normal_mean": 0.33699610691731763,
  "score_anomaly_mean": 1.1133955940665898,
  "separation_ratio": 3.303882659806995,
  "train_time_s": 57.915350914001465
}