{
  "stage": 3,
  "results": [
    {
      "config_id": "M1024_k5_g0_b0p0001_e2000_lr10_n0.005_od68",
      "stage": 3,
      "memory_len": 1024,
      "k": 5,
      "gamma": 0.0,
      "beta": 0.0001,
      "noise_std": 0.005,
      "lr": 0.01,
      "out_dim": 68,
      "epochs": 5000,
      "adam_betas": [
        0.9,
        0.999
      ],
      "auc_roc": 0.7918755023913042,
      "auc_pr": 0.33422385401237703,
      "f1": 0.44275587740323324,
      "precision": 0.3739340167111724,
      "recall": 0.542625,
      "fpr": 0.079,
      "acc": 0.89073,
      "best_threshold": 0.49543562647723144,
      "score_normal_mean": 0.29632241121082303,
      "score_anomaly_mean": 0.9396721387428945,
      "separation_ratio": 3.171113973132294,
      "train_time_s": 78.37405133247375
    },
    {
      "config_id": "M1024_k10_g0_b0p0001_e2000_lr10_n0.005_od68",
      "stage": 3,
      "memory_len": 1024,
      "k": 10,
      "gamma": 0.0,
      "beta": 0.0001,
      "noise_std": 0.005,
      "lr": 0.01,
      "out_dim": 68,
      "epochs": 5000,
      "adam_betas": [
        0.9,
        0.999
      ],
      "auc_roc": 0.7918755023913042,
      "auc_pr": 0.33422385401237703,
      "f1": 0.44275587740323324,
      "precision": 0.3739340167111724,
      "recall": 0.542625,
      "fpr": 0.079,
      "acc": 0.89073,
      "best_threshold": 0.49543562647723144,
      "score_normal_mean": 0.29632241121082303,
      "score_anomaly_mean": 0.9396721387428945,
      "separation_ratio": 3.171113973132294,
      "train_time_s": 83.53543496131897
    },
    {
      "config_id": "M1024_k5_g0_b0p0001_e2000_lr10_n0.005_od34",
      "stage": 3,
      "memory_len": 1024,
      "k": 5,
      "gamma": 0.0,
      "beta": 0.0001,
      "noise_std": 0.005,
      "lr": 0.01,
      "out_dim": 34,
      "epochs": 5000,
      "adam_betas": [
        0.9,
        0.999
      ],
      "auc_roc": 0.7846148323913044,
      "auc_pr": 0.3278097190665009,
      "f1": 0.405072146917359,
      "precision": 0.31149966375252186,
      "recall": 0.579,
      "fpr": 0.11128260869565218,
      "acc": 0.86394,
      "best_threshold": 0.5019124515603804,
      "score_normal_mean": 0.33699610691731763,
      "score_anomaly_mean": 1.1133955940665898,
      "separation_ratio": 3.303882659806995,
      "train_time_s": 63.850406885147095
    },
    {
      "config_id": "M1024_k10_g0_b0p0001_e2000_lr10_n0.005_od34",
      "stage": 3,
      "memory_len": 1024,
      "k": 10,
      "gamma": 0.0,
      "beta": 0.0001,
      "noise_std": 0.005,
      "lr": 0.01,
      "out_dim": 34,
      "epochs": 5000,
      "adam_betas": [
        0.9,
        0.999
      ],
      "auc_roc": 0.7846148323913044,
      "auc_pr": 0.3278097190665009,
      "f1": 0.405072146917359,
      "precision": 0.31149966375252186,
      "recall": 0.579,
      "fpr": 0.11128260869565218,
      "acc": 0.86394,
      "best_threshold": 0.5019124515603804,
      "score_normal_mean": 0.33699610691731763,
      "score_anomaly_mean": 1.1133955940665898,
      "separation_ratio": 3.303882659806995,
      "train_time_s": 57.915350914001465
    }
  ],
  "best": {
    "config_id": "M1024_k5_g0_b0p0001_e2000_lr10_n0.005_od68",
    "stage": 3,
    "memory_len": 1024,
    "k": 5,
    "gamma": 0.0,
    "beta": 0.0001,
    "noise_std": 0.005,
    "lr": 0.01,
    "out_dim": 68,
    "epochs": 5000,
    "adam_betas": [
      0.9,
      0.999
    ],
    "auc_roc": 0.7918755023913042,
    "auc_pr": 0.33422385401237703,
    "f1": 0.44275587740323324,
    "precision": 0.3739340167111724,
    "recall": 0.542625,
    "fpr": 0.079,
    "acc": 0.89073,
    "best_threshold": 0.49543562647723144,
    "score_normal_mean": 0.29632241121082303,
    "score_anomaly_mean": 0.9396721387428945,
    "separation_ratio": 3.171113973132294,
    "train_time_s": 78.37405133247375
  }
}