{
  "config_id": "M1024_k10_od76_n0.001_e10000_lr5",
  "base_id": "M1024_k5_n0.001_e10000_lr5",
  "memory_len": 1024,
  "k": 10,
  "gamma": 0.0,
  "beta": 0.001,
  "noise_std": 0.001,
  "lr": 0.005,
  "out_dim": 76,
  "epochs": 10000,
  "auc_roc": 0.9966882421906444,
  "auc_pr": 0.9078351057156429,
  "f1": 0.05808651612389343,
  "precision": 0.029911999999999994,
  "recall": 0.9999999999999933,
  "fpr": 0.9999999999999998,
  "acc": 0.029912,
  "best_threshold": 0.05808651612389343,
  "score_normal_mean": 58.313931815253284,
  "score_anomaly_mean": 535.3235058290941,
  "separation_ratio": 9.180027639435393,
  "train_time_s": 106.20895671844482
}