{
  "config_id": "M1024_k3_od38_n0.001_e10000_lr5",
  "base_id": "M1024_k5_n0.001_e10000_lr5",
  "memory_len": 1024,
  "k": 3,
  "gamma": 0.0,
  "beta": 0.001,
  "noise_std": 0.001,
  "lr": 0.005,
  "out_dim": 38,
  "epochs": 10000,
  "auc_roc": 0.9968055601787024,
  "auc_pr": 0.9103574535201164,
  "f1": 0.05808662892310137,
  "precision": 0.029912059824119642,
  "recall": 0.9999999999999933,
  "fpr": 0.9999979383313676,
  "acc": 0.029914,
  "best_threshold": 0.6239128156333701,
  "score_normal_mean": 6.43835179545495,
  "score_anomaly_mean": 71.599757489625,
  "separation_ratio": 11.120820943499485,
  "train_time_s": 81.3763337135315
}