{
  "config_id": "M1024_k5_od19_n0.001_e10000_lr5",
  "base_id": "M1024_k5_n0.001_e10000_lr5",
  "memory_len": 1024,
  "k": 5,
  "gamma": 0.0,
  "beta": 0.001,
  "noise_std": 0.001,
  "lr": 0.005,
  "out_dim": 19,
  "epochs": 10000,
  "auc_roc": 0.9957503925623298,
  "auc_pr": 0.9025517111106875,
  "f1": 0.058086741722747394,
  "precision": 0.029912119648478588,
  "recall": 0.9999999999999933,
  "fpr": 0.9999958766627355,
  "acc": 0.029916,
  "best_threshold": 0.7102637889228172,
  "score_normal_mean": 4.7547472370587,
  "score_anomaly_mean": 52.86470658251805,
  "separation_ratio": 11.118300078998201,
  "train_time_s": 75.86794781684875
}