{
  "config_id": "M2048_k10_od38_n0.001_e10000_lr5",
  "base_id": "M1024_k5_n0.001_e10000_lr5",
  "memory_len": 2048,
  "k": 10,
  "gamma": 0.0,
  "beta": 0.001,
  "noise_std": 0.001,
  "lr": 0.005,
  "out_dim": 38,
  "epochs": 10000,
  "auc_roc": 0.9967106768286855,
  "auc_pr": 0.9101540334128215,
  "f1": 0.05808651612389343,
  "precision": 0.029911999999999994,
  "recall": 0.9999999999999933,
  "fpr": 0.9999999999999998,
  "acc": 0.029912,
  "best_threshold": 0.05808651612389343,
  "score_normal_mean": 21.83415853812095,
  "score_anomaly_mean": 226.93255852052445,
  "separation_ratio": 10.39346481446841,
  "train_time_s": 160.69749331474304
}