{
  "config_id": "M2048_k3_od19_n0.001_e10000_lr5",
  "base_id": "M1024_k5_n0.001_e10000_lr5",
  "memory_len": 2048,
  "k": 3,
  "gamma": 0.0,
  "beta": 0.001,
  "noise_std": 0.001,
  "lr": 0.005,
  "out_dim": 19,
  "epochs": 10000,
  "auc_roc": 0.9954977300124072,
  "auc_pr": 0.8977560270995207,
  "f1": 0.05808662892310137,
  "precision": 0.029912059824119642,
  "recall": 0.9999999999999933,
  "fpr": 0.9999979383313676,
  "acc": 0.029914,
  "best_threshold": 0.19728452973013336,
  "score_normal_mean": 2.439509588968101,
  "score_anomaly_mean": 29.311881149730187,
  "separation_ratio": 12.015481013512803,
  "train_time_s": 136.63654851913452
}