{
  "config_id": "M512_k3_od76_n0.001_e10000_lr5",
  "base_id": "M1024_k5_n0.001_e10000_lr5",
  "memory_len": 512,
  "k": 3,
  "gamma": 0.0,
  "beta": 0.001,
  "noise_std": 0.001,
  "lr": 0.005,
  "out_dim": 76,
  "epochs": 10000,
  "auc_roc": 0.9966198963453665,
  "auc_pr": 0.9015093270617299,
  "f1": 0.05808651612389343,
  "precision": 0.029911999999999994,
  "recall": 0.9999999999999933,
  "fpr": 0.9999999999999998,
  "acc": 0.029912,
  "best_threshold": 0.05808651612389343,
  "score_normal_mean": 16.87689360363588,
  "score_anomaly_mean": 160.5842694458269,
  "separation_ratio": 9.51503713990825,
  "train_time_s": 70.00535321235657
}