{
  "config_id": "M512_k5_od38_n0.001_e10000_lr5",
  "base_id": "M1024_k5_n0.001_e10000_lr5",
  "memory_len": 512,
  "k": 5,
  "gamma": 0.0,
  "beta": 0.001,
  "noise_std": 0.001,
  "lr": 0.005,
  "out_dim": 38,
  "epochs": 10000,
  "auc_roc": 0.9960767661758262,
  "auc_pr": 0.8903360516618479,
  "f1": 0.05808651612389343,
  "precision": 0.029911999999999994,
  "recall": 0.9999999999999933,
  "fpr": 0.9999999999999998,
  "acc": 0.029912,
  "best_threshold": 0.05808651612389343,
  "score_normal_mean": 13.093427116787751,
  "score_anomaly_mean": 122.25888441877271,
  "separation_ratio": 9.337424291390038,
  "train_time_s": 63.91192436218262
}