{
  "config": {
    "name": "best_c6_large_k100_CB",
    "memory_len": 256,
    "k": 100,
    "gamma": 0.9,
    "latent_dim": 60,
    "warmup_epochs": 100,
    "use_cb": true
  },
  "metrics": {
    "AUC-ROC": 0.9847085869606717,
    "AUC-PR": 0.5876514154439254,
    "F1": 0.8599875544492843,
    "Precision": 0.7764044943820225,
    "Recall": 0.9637377963737797,
    "FPR": 0.013932647202968563,
    "threshold": 2.763814717707441,
    "TP": 691,
    "FP": 199,
    "TN": 14084,
    "FN": 26,
    "n_anomalies": 717,
    "n_normal": 14283,
    "P@10": 0.0,
    "R@10": 0.0,
    "P@50": 0.0,
    "R@50": 0.0,
    "P@100": 0.0,
    "R@100": 0.0,
    "P@250": 0.284,
    "R@250": 0.09902370990237098,
    "P@500": 0.64,
    "R@500": 0.44630404463040446,
    "P@1000": 0.702,
    "R@1000": 0.9790794979079498,
    "latency_mean_ms": 1.1223147267048867,
    "latency_p50_ms": 1.1980999843217432,
    "latency_p90_ms": 1.5240999695379287,
    "latency_p95_ms": 1.637105009285733,
    "latency_p99_ms": 2.0465140411397447,
    "latency_max_ms": 7.2054999764077365,
    "anom_mean": 13.174621125709743,
    "norm_mean": 7.254283346384861,
    "sep_ratio": 1.81611614774811
  }
}