{
  "config": {
    "name": "best_c5_hybrid_g09_CB",
    "memory_len": 256,
    "k": 50,
    "gamma": 0.9,
    "latent_dim": 60,
    "warmup_epochs": 100,
    "use_cb": true
  },
  "metrics": {
    "AUC-ROC": 0.9847056575337877,
    "AUC-PR": 0.5876570981535574,
    "F1": 0.860161591050342,
    "Precision": 0.7757847533632287,
    "Recall": 0.9651324965132496,
    "FPR": 0.014002660505496044,
    "threshold": 2.7481182394143997,
    "TP": 692,
    "FP": 200,
    "TN": 14083,
    "FN": 25,
    "n_anomalies": 717,
    "n_normal": 14283,
    "P@10": 0.0,
    "R@10": 0.0,
    "P@50": 0.0,
    "R@50": 0.0,
    "P@100": 0.0,
    "R@100": 0.0,
    "P@250": 0.284,
    "R@250": 0.09902370990237098,
    "P@500": 0.64,
    "R@500": 0.44630404463040446,
    "P@1000": 0.702,
    "R@1000": 0.9790794979079498,
    "latency_mean_ms": 1.0294364531563285,
    "latency_p50_ms": 0.9342000121250749,
    "latency_p90_ms": 1.5305999608244747,
    "latency_p95_ms": 1.6590000013820827,
    "latency_p99_ms": 2.0689059799769893,
    "latency_max_ms": 9.033100039232522,
    "anom_mean": 13.187801015009452,
    "norm_mean": 7.204626322645831,
    "sep_ratio": 1.830462875438397
  }
}