{
  "config": {
    "name": "best_c2_grid_best_ld60_ep20_CB",
    "memory_len": 128,
    "k": 20,
    "gamma": 0.9,
    "latent_dim": 60,
    "warmup_epochs": 20,
    "use_cb": true
  },
  "metrics": {
    "AUC-ROC": 0.9825214768490811,
    "AUC-PR": 0.580906522159513,
    "F1": 0.8439803439803439,
    "Precision": 0.7541163556531284,
    "Recall": 0.9581589958158996,
    "FPR": 0.01568297976615557,
    "threshold": 2.692963101225839,
    "TP": 687,
    "FP": 224,
    "TN": 14059,
    "FN": 30,
    "n_anomalies": 717,
    "n_normal": 14283,
    "P@10": 0.0,
    "R@10": 0.0,
    "P@50": 0.0,
    "R@50": 0.0,
    "P@100": 0.0,
    "R@100": 0.0,
    "P@250": 0.284,
    "R@250": 0.09902370990237098,
    "P@500": 0.64,
    "R@500": 0.44630404463040446,
    "P@1000": 0.693,
    "R@1000": 0.9665271966527197,
    "latency_mean_ms": 1.1060751201856571,
    "latency_p50_ms": 1.1897999793291092,
    "latency_p90_ms": 1.5038999903481454,
    "latency_p95_ms": 1.6242049721768126,
    "latency_p99_ms": 2.0511020184494555,
    "latency_max_ms": 7.13250000262633,
    "anom_mean": 14.17046254771009,
    "norm_mean": 6.455086814197138,
    "sep_ratio": 2.1952396544913957
  }
}