{
  "experiment": "best_config_combined",
  "timestamp": "20260514_214622",
  "data": {
    "warmup": 30000,
    "test": 15000
  },
  "results": [
    {
      "config": [
        256,
        50,
        0.0,
        60,
        100,
        false,
        "best_c3_hyp_noCB"
      ],
      "metrics": {
        "AUC-ROC": 0.9956151361924735,
        "AUC-PR": 0.9418532058357993,
        "F1": 0.8864569083447333,
        "Precision": 0.8697986577181208,
        "Recall": 0.9037656903765691,
        "FPR": 0.006791290345165581,
        "threshold": 1918.421630141853,
        "TP": 648,
        "FP": 97,
        "TN": 14186,
        "FN": 69,
        "n_anomalies": 717,
        "n_normal": 14283,
        "P@10": 1.0,
        "R@10": 0.01394700139470014,
        "P@50": 0.98,
        "R@50": 0.06834030683403068,
        "P@100": 0.98,
        "R@100": 0.13668061366806136,
        "P@250": 0.98,
        "R@250": 0.3417015341701534,
        "P@500": 0.952,
        "R@500": 0.6638772663877266,
        "P@1000": 0.701,
        "R@1000": 0.9776847977684798,
        "latency_mean_ms": 0.9593754730847043,
        "latency_p50_ms": 0.9993000130634755,
        "latency_p90_ms": 1.2956000282429159,
        "latency_p95_ms": 1.3972149899927897,
        "latency_p99_ms": 1.7392179719172423,
        "latency_max_ms": 4.877900006249547,
        "anom_mean": 8199.474613631288,
        "norm_mean": 776.5227753798735,
        "sep_ratio": 10.559219733922319
      }
    },
    {
      "config": [
        128,
        20,
        0.9,
        34,
        100,
        true,
        "best_c8_grid_ep100_CB"
      ],
      "metrics": {
        "AUC-ROC": 0.9850485957743409,
        "AUC-PR": 0.5891847358631825,
        "F1": 0.8612321095208464,
        "Precision": 0.7775280898876404,
        "Recall": 0.9651324965132496,
        "FPR": 0.013862633900441084,
        "threshold": 3.272996141198372,
        "TP": 692,
        "FP": 198,
        "TN": 14085,
        "FN": 25,
        "n_anomalies": 717,
        "n_normal": 14283,
        "P@10": 0.0,
        "R@10": 0.0,
        "P@50": 0.0,
        "R@50": 0.0,
        "P@100": 0.0,
        "R@100": 0.0,
        "P@250": 0.284,
        "R@250": 0.09902370990237098,
        "P@500": 0.64,
        "R@500": 0.44630404463040446,
        "P@1000": 0.703,
        "R@1000": 0.9804741980474198,
        "latency_mean_ms": 1.0166652399774951,
        "latency_p50_ms": 0.9866500040516257,
        "latency_p90_ms": 1.4854300185106695,
        "latency_p95_ms": 1.6188049863558263,
        "latency_p99_ms": 2.276814990327696,
        "latency_max_ms": 7.278700009919703,
        "anom_mean": 14.658788457833865,
        "norm_mean": 4.596288570883443,
        "sep_ratio": 3.1892663464810105
      }
    },
    {
      "config": [
        256,
        50,
        0.9,
        60,
        100,
        true,
        "best_c5_hybrid_g09_CB"
      ],
      "metrics": {
        "AUC-ROC": 0.9847056575337877,
        "AUC-PR": 0.5876570981535574,
        "F1": 0.860161591050342,
        "Precision": 0.7757847533632287,
        "Recall": 0.9651324965132496,
        "FPR": 0.014002660505496044,
        "threshold": 2.7481182394143997,
        "TP": 692,
        "FP": 200,
        "TN": 14083,
        "FN": 25,
        "n_anomalies": 717,
        "n_normal": 14283,
        "P@10": 0.0,
        "R@10": 0.0,
        "P@50": 0.0,
        "R@50": 0.0,
        "P@100": 0.0,
        "R@100": 0.0,
        "P@250": 0.284,
        "R@250": 0.09902370990237098,
        "P@500": 0.64,
        "R@500": 0.44630404463040446,
        "P@1000": 0.702,
        "R@1000": 0.9790794979079498,
        "latency_mean_ms": 1.0294364531563285,
        "latency_p50_ms": 0.9342000121250749,
        "latency_p90_ms": 1.5305999608244747,
        "latency_p95_ms": 1.6590000013820827,
        "latency_p99_ms": 2.0689059799769893,
        "latency_max_ms": 9.033100039232522,
        "anom_mean": 13.187801015009452,
        "norm_mean": 7.204626322645831,
        "sep_ratio": 1.830462875438397
      }
    },
    {
      "config": [
        256,
        100,
        0.9,
        60,
        100,
        true,
        "best_c6_large_k100_CB"
      ],
      "metrics": {
        "AUC-ROC": 0.9847085869606717,
        "AUC-PR": 0.5876514154439254,
        "F1": 0.8599875544492843,
        "Precision": 0.7764044943820225,
        "Recall": 0.9637377963737797,
        "FPR": 0.013932647202968563,
        "threshold": 2.763814717707441,
        "TP": 691,
        "FP": 199,
        "TN": 14084,
        "FN": 26,
        "n_anomalies": 717,
        "n_normal": 14283,
        "P@10": 0.0,
        "R@10": 0.0,
        "P@50": 0.0,
        "R@50": 0.0,
        "P@100": 0.0,
        "R@100": 0.0,
        "P@250": 0.284,
        "R@250": 0.09902370990237098,
        "P@500": 0.64,
        "R@500": 0.44630404463040446,
        "P@1000": 0.702,
        "R@1000": 0.9790794979079498,
        "latency_mean_ms": 1.1223147267048867,
        "latency_p50_ms": 1.1980999843217432,
        "latency_p90_ms": 1.5240999695379287,
        "latency_p95_ms": 1.637105009285733,
        "latency_p99_ms": 2.0465140411397447,
        "latency_max_ms": 7.2054999764077365,
        "anom_mean": 13.174621125709743,
        "norm_mean": 7.254283346384861,
        "sep_ratio": 1.81611614774811
      }
    },
    {
      "config": [
        128,
        20,
        0.9,
        34,
        50,
        true,
        "best_c7_grid_ep50_CB"
      ],
      "metrics": {
        "AUC-ROC": 0.9850325815740416,
        "AUC-PR": 0.5890284967870262,
        "F1": 0.8583959899749374,
        "Precision": 0.7792946530147895,
        "Recall": 0.9553695955369595,
        "FPR": 0.013582580690331162,
        "threshold": 3.4323024189744022,
        "TP": 685,
        "FP": 194,
        "TN": 14089,
        "FN": 32,
        "n_anomalies": 717,
        "n_normal": 14283,
        "P@10": 0.0,
        "R@10": 0.0,
        "P@50": 0.0,
        "R@50": 0.0,
        "P@100": 0.0,
        "R@100": 0.0,
        "P@250": 0.284,
        "R@250": 0.09902370990237098,
        "P@500": 0.64,
        "R@500": 0.44630404463040446,
        "P@1000": 0.703,
        "R@1000": 0.9804741980474198,
        "latency_mean_ms": 1.0475825933235077,
        "latency_p50_ms": 1.0958000202663243,
        "latency_p90_ms": 1.460410002619028,
        "latency_p95_ms": 1.5872999822022393,
        "latency_p99_ms": 2.151955027366063,
        "latency_max_ms": 20.34970000386238,
        "anom_mean": 14.873310677878028,
        "norm_mean": 4.5939586503057415,
        "sep_ratio": 3.23758044206344
      }
    },
    {
      "config": [
        128,
        20,
        0.9,
        34,
        20,
        true,
        "best_c1_grid_best_ld34_ep20_CB"
      ],
      "metrics": {
        "AUC-ROC": 0.9842555022692804,
        "AUC-PR": 0.5856592995577566,
        "F1": 0.8484479610468655,
        "Precision": 0.7526997840172787,
        "Recall": 0.9721059972105998,
        "FPR": 0.01603304627879297,
        "threshold": 2.4831766424018697,
        "TP": 697,
        "FP": 229,
        "TN": 14054,
        "FN": 20,
        "n_anomalies": 717,
        "n_normal": 14283,
        "P@10": 0.0,
        "R@10": 0.0,
        "P@50": 0.0,
        "R@50": 0.0,
        "P@100": 0.0,
        "R@100": 0.0,
        "P@250": 0.284,
        "R@250": 0.09902370990237098,
        "P@500": 0.64,
        "R@500": 0.44630404463040446,
        "P@1000": 0.701,
        "R@1000": 0.9776847977684798,
        "latency_mean_ms": 1.0576958334616695,
        "latency_p50_ms": 1.0101000079885125,
        "latency_p90_ms": 1.5559300256427377,
        "latency_p95_ms": 1.7023049847921357,
        "latency_p99_ms": 2.19600701588206,
        "latency_max_ms": 6.702400045469403,
        "anom_mean": 14.979184223696551,
        "norm_mean": 4.246011279438427,