{
  "experiment": "exp01_memory_len",
  "hyperparameter": "memory_len",
  "timestamp": "20260514_184104",
  "priority": "HIGH",
  "primary_metric": "AUC-ROC",
  "grid": [
    10000,
    25000,
    50000,
    100000
  ],
  "results": [
    {
      "memory_len": 10000,
      "metrics": {
        "AUC-ROC": 0.7142942074096518,
        "AUC-PR": 0.14627499698196442,
        "F1": 0.1983795727964645,
        "Precision": 0.12016656751933373,
        "Recall": 0.5682137834036568,
        "FPR": 0.20701238715095527,
        "threshold": 1912.6562059601883,
        "TP": 404,
        "FP": 2958,
        "TN": 11331,
        "FN": 307,
        "n_anomalies": 711,
        "n_normal": 14289,
        "P@10": 1.0,
        "R@10": 0.014064697609001406,
        "P@50": 0.8,
        "R@50": 0.05625879043600562,
        "P@100": 0.5,
        "R@100": 0.07032348804500703,
        "P@250": 0.212,
        "R@250": 0.07454289732770746,
        "P@500": 0.13,
        "R@500": 0.09142053445850915,
        "P@1000": 0.07,
        "R@1000": 0.09845288326300984,
        "latency_mean_ms": 0.8176053199257391,
        "latency_p50_ms": 0.6571999983862042,
        "latency_p90_ms": 1.0754999821074307,
        "latency_p95_ms": 1.272514968877658,
        "latency_p99_ms": 2.7352849871385905,
        "latency_max_ms": 57.90860002161935,
        "context_cells_covered": 11,
        "context_cells_total": 80,
        "elapsed_s": 22.99018931388855
      }
    },
    {
      "memory_len": 25000,
      "metrics": {
        "AUC-ROC": 0.7142942074096518,
        "AUC-PR": 0.14627499698196442,
        "F1": 0.1983795727964645,
        "Precision": 0.12016656751933373,
        "Recall": 0.5682137834036568,
        "FPR": 0.20701238715095527,
        "threshold": 1912.6562059601883,
        "TP": 404,
        "FP": 2958,
        "TN": 11331,
        "FN": 307,
        "n_anomalies": 711,
        "n_normal": 14289,
        "P@10": 1.0,
        "R@10": 0.014064697609001406,
        "P@50": 0.8,
        "R@50": 0.05625879043600562,
        "P@100": 0.5,
        "R@100": 0.07032348804500703,
        "P@250": 0.212,
        "R@250": 0.07454289732770746,
        "P@500": 0.13,
        "R@500": 0.09142053445850915,
        "P@1000": 0.07,
        "R@1000": 0.09845288326300984,
        "latency_mean_ms": 0.8147472998166146,
        "latency_p50_ms": 0.6742500117979944,
        "latency_p90_ms": 1.1019100085832179,
        "latency_p95_ms": 1.2866300181485708,
        "latency_p99_ms": 2.542107030749323,
        "latency_max_ms": 40.56769999442622,
        "context_cells_covered": 11,
        "context_cells_total": 80,
        "elapsed_s": 20.087042570114136
      }
    },
    {
      "memory_len": 50000,
      "metrics": {
        "AUC-ROC": 0.7142942074096518,
        "AUC-PR": 0.14627499698196442,
        "F1": 0.1983795727964645,
        "Precision": 0.12016656751933373,
        "Recall": 0.5682137834036568,
        "FPR": 0.20701238715095527,
        "threshold": 1912.6562059601883,
        "TP": 404,
        "FP": 2958,
        "TN": 11331,
        "FN": 307,
        "n_anomalies": 711,
        "n_normal": 14289,
        "P@10": 1.0,
        "R@10": 0.014064697609001406,
        "P@50": 0.8,
        "R@50": 0.05625879043600562,
        "P@100": 0.5,
        "R@100": 0.07032348804500703,
        "P@250": 0.212,
        "R@250": 0.07454289732770746,
        "P@500": 0.13,
        "R@500": 0.09142053445850915,
        "P@1000": 0.07,
        "R@1000": 0.09845288326300984,
        "latency_mean_ms": 0.791056926730865,
        "latency_p50_ms": 0.687299994751811,
        "latency_p90_ms": 1.076499989721924,
        "latency_p95_ms": 1.2451049929950386,
        "latency_p99_ms": 2.2184370120521644,
        "latency_max_ms": 49.419599992688745,
        "context_cells_covered": 11,
        "context_cells_total": 80,
        "elapsed_s": 19.530871868133545
      }
    },
    {
      "memory_len": 100000,
      "metrics": {
        "AUC-ROC": 0.7142942074096518,
        "AUC-PR": 0.14627499698196442,
        "F1": 0.1983795727964645,
        "Precision": 0.12016656751933373,
        "Recall": 0.5682137834036568,
        "FPR": 0.20701238715095527,
        "threshold": 1912.6562059601883,
        "TP": 404,
        "FP": 2958,
        "TN": 11331,
        "FN": 307,
        "n_anomalies": 711,
        "n_normal": 14289,
        "P@10": 1.0,
        "R@10": 0.014064697609001406,
        "P@50": 0.8,
        "R@50": 0.05625879043600562,
        "P@100": 0.5,
        "R@100": 0.07032348804500703,
        "P@250": 0.212,
        "R@250": 0.07454289732770746,
        "P@500": 0.13,
        "R@500": 0.09142053445850915,
        "P@1000": 0.07,
        "R@1000": 0.09845288326300984,
        "latency_mean_ms": 0.8694908530878214,
        "latency_p50_ms": 0.6837000255472958,
        "latency_p90_ms": 1.0933200013823807,
        "latency_p95_ms": 1.2639000196941197,
        "latency_p99_ms": 2.786599967512317,
        "latency_max_ms": 74.67250002082437,
        "context_cells_covered": 11,
        "context_cells_total": 80,
        "elapsed_s": 21.405679941177368
      }
    }
  ],
  "best_config": {
    "memory_len": 10000,
    "metrics": {
      "AUC-ROC": 0.7142942074096518,
      "AUC-PR": 0.14627499698196442,
      "F1": 0.1983795727964645,
      "Precision": 0.12016656751933373,
      "Recall": 0.5682137834036568,
      "FPR": 0.20701238715095527,
      "threshold": 1912.6562059601883,
      "TP": 404,
      "FP": 2958,
      "TN": 11331,
      "FN": 307,
      "n_anomalies": 711,
      "n_normal": 14289,
      "P@10": 1.0,
      "R@10": 0.014064697609001406,
      "P@50": 0.8,
      "R@50": 0.05625879043600562,
      "P@100": 0.5,
      "R@100": 0.07032348804500703,
      "P@250": 0.212,
      "R@250": 0.07454289732770746,
      "P@500": 0.13,
      "R@500": 0.09142053445850915,
      "P@1000": 0.07,
      "R@1000": 0.09845288326300984,
      "latency_mean_ms": 0.8176053199257391,
      "latency_p50_ms": 0.6571999983862042,
      "latency_p90_ms": 1.0754999821074307,
      "latency_p95_ms": 1.272514968877658,
      "latency_p99_ms": 2.7352849871385905,
      "latency_max_ms": 57.90860002161935,
      "context_cells_covered": 11,
      "context_cells_total": 80,
      "elapsed_s": 22.99018931388855
    }
  },
  "recommendation": "10K is sufficient for this dataset. Larger memory shows diminishing returns."
}