{
  "experiment": "exp03_gamma",
  "hyperparameter": "gamma",
  "timestamp": "20260514_184438",
  "priority": "HIGH",
  "primary_metric": "AUC-ROC",
  "grid": [
    0.0,
    0.3,
    0.5,
    0.7,
    0.9
  ],
  "results": [
    {
      "gamma": 0.0,
      "metrics": {
        "AUC-ROC": 0.7142942074096518,
        "AUC-PR": 0.14627499698196442,
        "F1": 0.1983795727964645,
        "Precision": 0.12016656751933373,
        "Recall": 0.5682137834036568,
        "FPR": 0.20701238715095527,
        "threshold": 1912.6562059601883,
        "TP": 404,
        "FP": 2958,
        "TN": 11331,
        "FN": 307,
        "n_anomalies": 711,
        "n_normal": 14289,
        "P@10": 1.0,
        "R@10": 0.014064697609001406,
        "P@50": 0.8,
        "R@50": 0.05625879043600562,
        "P@100": 0.5,
        "R@100": 0.07032348804500703,
        "P@250": 0.212,
        "R@250": 0.07454289732770746,
        "P@500": 0.13,
        "R@500": 0.09142053445850915,
        "P@1000": 0.07,
        "R@1000": 0.09845288326300984,
        "contamination_pct": 19.756456015116523,
        "clean_pct": 80.24354398488349,
        "separation_mean_gap": 1076.7908991071033,
        "separation_median_gap": 1599.6273803710938,
        "elapsed_s": 22.865267753601074
      }
    },
    {
      "gamma": 0.3,
      "metrics": {
        "AUC-ROC": 0.686824097968016,
        "AUC-PR": 0.10214773263207208,
        "F1": 0.18814638027048528,
        "Precision": 0.10956682881630762,
        "Recall": 0.6652601969057665,
        "FPR": 0.26901812583105883,
        "threshold": 164.48318243551518,
        "TP": 473,
        "FP": 3844,
        "TN": 10445,
        "FN": 238,
        "n_anomalies": 711,
        "n_normal": 14289,
        "P@10": 1.0,
        "R@10": 0.014064697609001406,
        "P@50": 0.46,
        "R@50": 0.03234880450070324,
        "P@100": 0.23,
        "R@100": 0.03234880450070324,
        "P@250": 0.092,
        "R@250": 0.03234880450070324,
        "P@500": 0.046,
        "R@500": 0.03234880450070324,
        "P@1000": 0.024,
        "R@1000": 0.03375527426160337,
        "contamination_pct": 25.99902022534817,
        "clean_pct": 74.00097977465182,
        "separation_mean_gap": 82.82448157197965,
        "separation_median_gap": 165.54363250732422,
        "elapsed_s": 24.03618025779724
      }
    },
    {
      "gamma": 0.5,
      "metrics": {
        "AUC-ROC": 0.6936566333765737,
        "AUC-PR": 0.10502367491024228,
        "F1": 0.18979266347687399,
        "Precision": 0.11056910569105691,
        "Recall": 0.6694796061884669,
        "FPR": 0.26796836727552664,
        "threshold": 236.8944387750783,
        "TP": 476,
        "FP": 3829,
        "TN": 10460,
        "FN": 235,
        "n_anomalies": 711,
        "n_normal": 14289,
        "P@10": 1.0,
        "R@10": 0.014064697609001406,
        "P@50": 0.46,
        "R@50": 0.03234880450070324,
        "P@100": 0.23,
        "R@100": 0.03234880450070324,
        "P@250": 0.092,
        "R@250": 0.03234880450070324,
        "P@500": 0.054,
        "R@500": 0.0379746835443038,
        "P@1000": 0.031,
        "R@1000": 0.04360056258790436,
        "contamination_pct": 20.393309538806076,
        "clean_pct": 79.60669046119393,
        "separation_mean_gap": 133.0933753407132,
        "separation_median_gap": 263.8374328613281,
        "elapsed_s": 24.087429761886597
      }
    },
    {
      "gamma": 0.7,
      "metrics": {
        "AUC-ROC": 0.6991017944916269,
        "AUC-PR": 0.1110524207390584,
        "F1": 0.19150641025641027,
        "Precision": 0.11165615510394768,
        "Recall": 0.6722925457102672,
        "FPR": 0.26614878577927076,
        "threshold": 400.7018212575564,
        "TP": 478,
        "FP": 3803,
        "TN": 10486,
        "FN": 233,
        "n_anomalies": 711,
        "n_normal": 14289,
        "P@10": 1.0,
        "R@10": 0.014064697609001406,
        "P@50": 0.48,
        "R@50": 0.03375527426160337,
        "P@100": 0.29,
        "R@100": 0.040787623066104076,
        "P@250": 0.12,
        "R@250": 0.04219409282700422,
        "P@500": 0.076,
        "R@500": 0.053445850914205346,
        "P@1000": 0.043,
        "R@1000": 0.06047819971870605,
        "contamination_pct": 19.714465672895233,
        "clean_pct": 80.28553432710477,
        "separation_mean_gap": 262.5468794852947,
        "separation_median_gap": 481.1911315917969,
        "elapsed_s": 24.642051458358765
      }
    },
    {
      "gamma": 0.9,
      "metrics": {
        "AUC-ROC": 0.7097721251257078,
        "AUC-PR": 0.13330162603796739,
        "F1": 0.19601083476976114,
        "Precision": 0.11880597014925373,
        "Recall": 0.559774964838256,
        "FPR": 0.2065924837287424,
        "threshold": 1238.7159173959728,
        "TP": 398,
        "FP": 2952,
        "TN": 11337,
        "FN": 313,
        "n_anomalies": 711,
        "n_normal": 14289,
        "P@10": 1.0,
        "R@10": 0.014064697609001406,
        "P@50": 0.66,
        "R@50": 0.046413502109704644,
        "P@100": 0.44,
        "R@100": 0.06188466947960619,
        "P@250": 0.192,
        "R@250": 0.06751054852320675,
        "P@500": 0.114,
        "R@500": 0.08016877637130802,
        "P@1000": 0.062,
        "R@1000": 0.08720112517580872,
        "contamination_pct": 19.73546084400588,
        "clean_pct": 80.26453915599411,
        "separation_mean_gap": 646.858071522856,
        "separation_median_gap": 1020.459228515625,
        "elapsed_s": 24.194587230682373
      }
    }
  ],
  "best_config": {
    "gamma": 0.0,
    "metrics": {
      "AUC-ROC": 0.7142942074096518,
      "AUC-PR": 0.14627499698196442,
      "F1": 0.1983795727964645,
      "Precision": 0.12016656751933373,
      "Recall": 0.5682137834036568,
      "FPR": 0.20701238715095527,
      "threshold": 1912.6562059601883,
      "TP": 404,
      "FP": 2958,
      "TN": 11331,
      "FN": 307,
      "n_anomalies": 711,
      "n_normal": 14289,
      "P@10": 1.0,
      "R@10": 0.014064697609001406,
      "P@50": 0.8,
      "R@50": 0.05625879043600562,
      "P@100": 0.5,
      "R@100": 0.07032348804500703,
      "P@250": 0.212,
      "R@250": 0.07454289732770746,
      "P@500": 0.13,
      "R@500": 0.09142053445850915,
      "P@1000": 0.07,
      "R@1000": 0.09845288326300984,
      "contamination_pct": 19.756456015116523,
      "clean_pct": 80.24354398488349,
      "separation_mean_gap": 1076.7908991071033,
      "separation_median_gap": 1599.6273803710938,
      "elapsed_s": 22.865267753601074
    }
  },
  "best_contamination_config": {
    "gamma": 0.7,
    "metrics": {
      "AUC-ROC": 0.6991017944916269,
      "AUC-PR": 0.1110524207390584,
      "F1": 0.19150641025641027,
      "Precision": 0.11165615510394768,
      "Recall": 0.6722925457102672,
      "FPR": 0.26614878577927076,
      "threshold": 400.7018212575564,
      "TP": 478,
      "FP": 3803,
      "TN": 10486,
      "FN": 233,
      "n_anomalies": 711,
      "n_normal": 14289,
      "P@10": 1.0,
      "R@10": 0.014064697609001406,
      "P@50": 0.48,
      "R@50": 0.03375527426160337,
      "P@100": 0.29,
      "R@100": 0.040787623066104076,
      "P@250": 0.12,
      "R@250": 0.04219409282700422,
      "P@500": 0.076,
      "R@500": 0.053445850914205346,
      "P@1000": 0.043,
      "R@1000": 0.06047819971870605,
      "contamination_pct": 19.714465672895233,
      "clean_pct": 80.28553432710477,
      "separation_mean_gap": 262.5468794852947,
      "separation_median_gap": 481.1911315917969,
      "elapsed_s": 24.642051458358765
    }
  },
  "recommendation": "gamma=0.0 gives best AUC-ROC. Note: lower contamination (19.7%) at gamma=0.7."
}