{
  "experiment": "exp07_warmup_epochs",
  "hyperparameter": "warmup_epochs",
  "timestamp": "20260514_192613",
  "priority": "MEDIUM",
  "grid": [
    5,
    10,
    20,
    50
  ],
  "results": [
    {
      "warmup_epochs": 5,
      "metrics": {
        "AUC-ROC": 0.7295478931547571,
        "AUC-PR": 0.15000441230976377,
        "F1": 0.19371622973784272,
        "Precision": 0.11292580494633692,
        "Recall": 0.680731364275668,
        "FPR": 0.2660788018755686,
        "threshold": 1297.665711384287,
        "TP": 484,
        "FP": 3802,
        "TN": 10487,
        "FN": 227,
        "n_anomalies": 711,
        "n_normal": 14289,
        "P@10": 1.0,
        "R@10": 0.014064697609001406,
        "P@50": 0.92,
        "R@50": 0.06469760900140648,
        "P@100": 0.49,
        "R@100": 0.06891701828410689,
        "P@250": 0.2,
        "R@250": 0.07032348804500703,
        "P@500": 0.132,
        "R@500": 0.09282700421940929,
        "P@1000": 0.068,
        "R@1000": 0.09563994374120956,
        "latency_mean_ms": 0.6405499332739661,
        "latency_p50_ms": 0.5052000051364303,
        "latency_p90_ms": 0.9555199998430909,
        "latency_p95_ms": 1.3293349940795431,
        "latency_p99_ms": 2.1963079599663615,
        "latency_max_ms": 7.157200016081333,
        "elapsed_s": 15.196619033813477
      }
    },
    {
      "warmup_epochs": 10,
      "metrics": {
        "AUC-ROC": 0.7226207170662985,
        "AUC-PR": 0.14718901529366477,
        "F1": 0.1941602196156726,
        "Precision": 0.11802184466019418,
        "Recall": 0.5471167369901547,
        "FPR": 0.20344320806214572,
        "threshold": 2021.6938448682197,
        "TP": 389,
        "FP": 2907,
        "TN": 11382,
        "FN": 322,
        "n_anomalies": 711,
        "n_normal": 14289,
        "P@10": 1.0,
        "R@10": 0.014064697609001406,
        "P@50": 0.9,
        "R@50": 0.06329113924050633,
        "P@100": 0.48,
        "R@100": 0.06751054852320675,
        "P@250": 0.204,
        "R@250": 0.07172995780590717,
        "P@500": 0.132,
        "R@500": 0.09282700421940929,
        "P@1000": 0.068,
        "R@1000": 0.09563994374120956,
        "latency_mean_ms": 0.6217952532189277,
        "latency_p50_ms": 0.527449999935925,
        "latency_p90_ms": 0.9357100236229599,
        "latency_p95_ms": 1.1301349906716491,
        "latency_p99_ms": 1.8607190239708875,
        "latency_max_ms": 5.114700004924089,
        "elapsed_s": 13.354588985443115
      }
    },
    {
      "warmup_epochs": 20,
      "metrics": {
        "AUC-ROC": 0.7142942074096518,
        "AUC-PR": 0.14627499698196442,
        "F1": 0.1983795727964645,
        "Precision": 0.12016656751933373,
        "Recall": 0.5682137834036568,
        "FPR": 0.20701238715095527,
        "threshold": 1912.6562059601883,
        "TP": 404,
        "FP": 2958,
        "TN": 11331,
        "FN": 307,
        "n_anomalies": 711,
        "n_normal": 14289,
        "P@10": 1.0,
        "R@10": 0.014064697609001406,
        "P@50": 0.8,
        "R@50": 0.05625879043600562,
        "P@100": 0.5,
        "R@100": 0.07032348804500703,
        "P@250": 0.212,
        "R@250": 0.07454289732770746,
        "P@500": 0.13,
        "R@500": 0.09142053445850915,
        "P@1000": 0.07,
        "R@1000": 0.09845288326300984,
        "latency_mean_ms": 0.5910477335564792,
        "latency_p50_ms": 0.4850999976042658,
        "latency_p90_ms": 0.8896999701391906,
        "latency_p95_ms": 1.0998199926689265,
        "latency_p99_ms": 1.8742559524253024,
        "latency_max_ms": 6.027499970514327,
        "elapsed_s": 13.5674467086792
      }
    },
    {
      "warmup_epochs": 50,
      "metrics": {
        "AUC-ROC": 0.7325228488586865,
        "AUC-PR": 0.1593565704146316,
        "F1": 0.2054898010576681,
        "Precision": 0.12515337423312883,
        "Recall": 0.5738396624472574,
        "FPR": 0.19959409335852754,
        "threshold": 1808.0734379058958,
        "TP": 408,
        "FP": 2852,
        "TN": 11437,
        "FN": 303,
        "n_anomalies": 711,
        "n_normal": 14289,
        "P@10": 1.0,
        "R@10": 0.014064697609001406,
        "P@50": 0.78,
        "R@50": 0.05485232067510549,
        "P@100": 0.56,
        "R@100": 0.07876230661040788,
        "P@250": 0.232,
        "R@250": 0.08157524613220815,
        "P@500": 0.15,
        "R@500": 0.10548523206751055,
        "P@1000": 0.087,
        "R@1000": 0.12236286919831224,
        "latency_mean_ms": 0.5974469334352761,
        "latency_p50_ms": 0.49515001592226326,
        "latency_p90_ms": 0.8880100096575916,
        "latency_p95_ms": 1.0796100134029982,
        "latency_p99_ms": 1.854443976189942,
        "latency_max_ms": 3.4953999565914273,
        "elapsed_s": 16.04689383506775
      }
    }
  ],
  "best_config": {
    "warmup_epochs": 50,
    "metrics": {
      "AUC-ROC": 0.7325228488586865,
      "AUC-PR": 0.1593565704146316,
      "F1": 0.2054898010576681,
      "Precision": 0.12515337423312883,
      "Recall": 0.5738396624472574,
      "FPR": 0.19959409335852754,
      "threshold": 1808.0734379058958,
      "TP": 408,
      "FP": 2852,
      "TN": 11437,
      "FN": 303,
      "n_anomalies": 711,
      "n_normal": 14289,
      "P@10": 1.0,
      "R@10": 0.014064697609001406,
      "P@50": 0.78,
      "R@50": 0.05485232067510549,
      "P@100": 0.56,
      "R@100": 0.07876230661040788,
      "P@250": 0.232,
      "R@250": 0.08157524613220815,
      "P@500": 0.15,
      "R@500": 0.10548523206751055,
      "P@1000": 0.087,
      "R@1000": 0.12236286919831224,
      "latency_mean_ms": 0.5974469334352761,
      "latency_p50_ms": 0.49515001592226326,
      "latency_p90_ms": 0.8880100096575916,
      "latency_p95_ms": 1.0796100134029982,
      "latency_p99_ms": 1.854443976189942,
      "latency_max_ms": 3.4953999565914273,
      "elapsed_s": 16.04689383506775
    }
  },
  "recommendation": "50 epochs gives best AUC-ROC."
}