{
  "experiment": "exp02_k_neighbors",
  "hyperparameter": "k",
  "timestamp": "20260514_184247",
  "priority": "HIGH",
  "primary_metric": "AUC-ROC",
  "grid": [
    5,
    10,
    20,
    30,
    50
  ],
  "results": [
    {
      "k": 5,
      "metrics": {
        "AUC-ROC": 0.7006251009525194,
        "AUC-PR": 0.11442875891507727,
        "F1": 0.1941602196156726,
        "Precision": 0.11802184466019418,
        "Recall": 0.5471167369901547,
        "FPR": 0.20344320806214572,
        "threshold": 960.2681280463382,
        "TP": 389,
        "FP": 2907,
        "TN": 11382,
        "FN": 322,
        "n_anomalies": 711,
        "n_normal": 14289,
        "P@10": 1.0,
        "R@10": 0.014064697609001406,
        "P@50": 0.56,
        "R@50": 0.03938115330520394,
        "P@100": 0.3,
        "R@100": 0.04219409282700422,
        "P@250": 0.12,
        "R@250": 0.04219409282700422,
        "P@500": 0.092,
        "R@500": 0.06469760900140648,
        "P@1000": 0.049,
        "R@1000": 0.06891701828410689,
        "latency_mean_ms": 0.9004894998040982,
        "latency_p50_ms": 0.6671499868389219,
        "latency_p90_ms": 1.0740100231487304,
        "latency_p95_ms": 1.2609099969267843,
        "latency_p99_ms": 6.308729007141691,
        "latency_max_ms": 63.53669997770339,
        "elapsed_s": 22.351588487625122
      }
    },
    {
      "k": 10,
      "metrics": {
        "AUC-ROC": 0.7142942074096518,
        "AUC-PR": 0.14627499698196442,
        "F1": 0.1983795727964645,
        "Precision": 0.12016656751933373,
        "Recall": 0.5682137834036568,
        "FPR": 0.20701238715095527,
        "threshold": 1912.6562059601883,
        "TP": 404,
        "FP": 2958,
        "TN": 11331,
        "FN": 307,
        "n_anomalies": 711,
        "n_normal": 14289,
        "P@10": 1.0,
        "R@10": 0.014064697609001406,
        "P@50": 0.8,
        "R@50": 0.05625879043600562,
        "P@100": 0.5,
        "R@100": 0.07032348804500703,
        "P@250": 0.212,
        "R@250": 0.07454289732770746,
        "P@500": 0.13,
        "R@500": 0.09142053445850915,
        "P@1000": 0.07,
        "R@1000": 0.09845288326300984,
        "latency_mean_ms": 0.8679953599348664,
        "latency_p50_ms": 0.6716499920003116,
        "latency_p90_ms": 1.0732999653555453,
        "latency_p95_ms": 1.2527049926575273,
        "latency_p99_ms": 3.601754009141588,
        "latency_max_ms": 58.494500000961125,
        "elapsed_s": 19.69373631477356
      }
    },
    {
      "k": 20,
      "metrics": {
        "AUC-ROC": 0.7248712261721295,
        "AUC-PR": 0.17013975111185498,
        "F1": 0.20049627791563276,
        "Precision": 0.12172341066586322,
        "Recall": 0.5682137834036568,
        "FPR": 0.2040030792917629,
        "threshold": 3952.468382937959,
        "TP": 404,
        "FP": 2915,
        "TN": 11374,
        "FN": 307,
        "n_anomalies": 711,
        "n_normal": 14289,
        "P@10": 1.0,
        "R@10": 0.014064697609001406,
        "P@50": 0.84,
        "R@50": 0.05907172995780591,
        "P@100": 0.63,
        "R@100": 0.08860759493670886,
        "P@250": 0.26,
        "R@250": 0.09142053445850915,
        "P@500": 0.176,
        "R@500": 0.12376933895921238,
        "P@1000": 0.102,
        "R@1000": 0.14345991561181434,
        "latency_mean_ms": 0.6710981137778921,
        "latency_p50_ms": 0.5754000158049166,
        "latency_p90_ms": 1.0081099928356707,
        "latency_p95_ms": 1.1432199768023563,
        "latency_p99_ms": 1.6700130264507609,
        "latency_max_ms": 37.30029996950179,
        "elapsed_s": 16.196569442749023
      }
    },
    {
      "k": 30,
      "metrics": {
        "AUC-ROC": 0.7286362814471097,
        "AUC-PR": 0.17926518276612935,
        "F1": 0.20162681784569877,
        "Precision": 0.12223550508069336,
        "Recall": 0.5752461322081576,
        "FPR": 0.20554272517321015,
        "threshold": 5900.751991565851,
        "TP": 409,
        "FP": 2937,
        "TN": 11352,
        "FN": 302,
        "n_anomalies": 711,
        "n_normal": 14289,
        "P@10": 1.0,
        "R@10": 0.014064697609001406,
        "P@50": 0.86,
        "R@50": 0.06047819971870605,
        "P@100": 0.65,
        "R@100": 0.09142053445850915,
        "P@250": 0.284,
        "R@250": 0.09985935302390998,
        "P@500": 0.198,
        "R@500": 0.13924050632911392,
        "P@1000": 0.116,
        "R@1000": 0.1631504922644163,
        "latency_mean_ms": 0.9062371333711781,
        "latency_p50_ms": 0.6482000171672553,
        "latency_p90_ms": 1.0766999970655888,
        "latency_p95_ms": 1.2575200293213127,
        "latency_p99_ms": 8.11521697149148,
        "latency_max_ms": 66.20140001177788,
        "elapsed_s": 20.368122577667236
      }
    },
    {
      "k": 50,
      "metrics": {
        "AUC-ROC": 0.7328799045699095,
        "AUC-PR": 0.1863090415317576,
        "F1": 0.20223048327137547,
        "Precision": 0.12274368231046931,
        "Recall": 0.5738396624472574,
        "FPR": 0.20407306319546503,
        "threshold": 10115.369780440758,
        "TP": 408,
        "FP": 2916,
        "TN": 11373,
        "FN": 303,
        "n_anomalies": 711,
        "n_normal": 14289,
        "P@10": 1.0,
        "R@10": 0.014064697609001406,
        "P@50": 0.86,
        "R@50": 0.06047819971870605,
        "P@100": 0.68,
        "R@100": 0.09563994374120956,
        "P@250": 0.3,
        "R@250": 0.10548523206751055,
        "P@500": 0.214,
        "R@500": 0.15049226441631505,
        "P@1000": 0.121,
        "R@1000": 0.170182841068917,
        "latency_mean_ms": 0.7964118131436407,
        "latency_p50_ms": 0.6499500013887882,
        "latency_p90_ms": 1.0581999726127833,
        "latency_p95_ms": 1.2389150040689854,
        "latency_p99_ms": 2.407074050279336,
        "latency_max_ms": 60.56959996931255,
        "elapsed_s": 18.517032861709595
      }
    }
  ],
  "best_config": {
    "k": 50,
    "metrics": {
      "AUC-ROC": 0.7328799045699095,
      "AUC-PR": 0.1863090415317576,
      "F1": 0.20223048327137547,
      "Precision": 0.12274368231046931,
      "Recall": 0.5738396624472574,
      "FPR": 0.20407306319546503,
      "threshold": 10115.369780440758,
      "TP": 408,
      "FP": 2916,
      "TN": 11373,
      "FN": 303,
      "n_anomalies": 711,
      "n_normal": 14289,
      "P@10": 1.0,
      "R@10": 0.014064697609001406,
      "P@50": 0.86,
      "R@50": 0.06047819971870605,
      "P@100": 0.68,
      "R@100": 0.09563994374120956,
      "P@250": 0.3,
      "R@250": 0.10548523206751055,
      "P@500": 0.214,
      "R@500": 0.15049226441631505,
      "P@1000": 0.121,
      "R@1000": 0.170182841068917,
      "latency_mean_ms": 0.7964118131436407,
      "latency_p50_ms": 0.6499500013887882,
      "latency_p90_ms": 1.0581999726127833,
      "latency_p95_ms": 1.2389150040689854,
      "latency_p99_ms": 2.407074050279336,
      "latency_max_ms": 60.56959996931255,
      "elapsed_s": 18.517032861709595
    }
  },
  "recommendation": "k=50 is optimal for this dataset. Smaller k gives tighter boundaries but noisier scores; larger k smooths but may dilute the anomaly signal."
}