{
  "experiment": "exp12_quick_retrain_epochs",
  "hyperparameter": "quick_retrain_epochs",
  "timestamp": "20260514_192314",
  "priority": "LOW",
  "grid": [
    10,
    20,
    50,
    100
  ],
  "results": [
    {
      "n_epochs": 10,
      "metrics": {
        "AUC-ROC": 0.7226207170662985,
        "AUC-PR": 0.14718901529366477,
        "F1": 0.1941602196156726,
        "Precision": 0.11802184466019418,
        "Recall": 0.5471167369901547,
        "FPR": 0.20344320806214572,
        "threshold": 2021.6938448682197,
        "TP": 389,
        "FP": 2907,
        "TN": 11382,
        "FN": 322,
        "n_anomalies": 711,
        "n_normal": 14289,
        "P@10": 1.0,
        "R@10": 0.014064697609001406,
        "P@50": 0.9,
        "R@50": 0.06329113924050633,
        "P@100": 0.48,
        "R@100": 0.06751054852320675,
        "P@250": 0.204,
        "R@250": 0.07172995780590717,
        "P@500": 0.132,
        "R@500": 0.09282700421940929,
        "P@1000": 0.068,
        "R@1000": 0.09563994374120956,
        "elapsed_s": 14.472638845443726
      }
    },
    {
      "n_epochs": 20,
      "metrics": {
        "AUC-ROC": 0.7142942074096518,
        "AUC-PR": 0.14627499698196442,
        "F1": 0.1983795727964645,
        "Precision": 0.12016656751933373,
        "Recall": 0.5682137834036568,
        "FPR": 0.20701238715095527,
        "threshold": 1912.6562059601883,
        "TP": 404,
        "FP": 2958,
        "TN": 11331,
        "FN": 307,
        "n_anomalies": 711,
        "n_normal": 14289,
        "P@10": 1.0,
        "R@10": 0.014064697609001406,
        "P@50": 0.8,
        "R@50": 0.05625879043600562,
        "P@100": 0.5,
        "R@100": 0.07032348804500703,
        "P@250": 0.212,
        "R@250": 0.07454289732770746,
        "P@500": 0.13,
        "R@500": 0.09142053445850915,
        "P@1000": 0.07,
        "R@1000": 0.09845288326300984,
        "elapsed_s": 13.743988275527954
      }
    },
    {
      "n_epochs": 50,
      "metrics": {
        "AUC-ROC": 0.7325228488586865,
        "AUC-PR": 0.1593565704146316,
        "F1": 0.2054898010576681,
        "Precision": 0.12515337423312883,
        "Recall": 0.5738396624472574,
        "FPR": 0.19959409335852754,
        "threshold": 1808.0734379058958,
        "TP": 408,
        "FP": 2852,
        "TN": 11437,
        "FN": 303,
        "n_anomalies": 711,
        "n_normal": 14289,
        "P@10": 1.0,
        "R@10": 0.014064697609001406,
        "P@50": 0.78,
        "R@50": 0.05485232067510549,
        "P@100": 0.56,
        "R@100": 0.07876230661040788,
        "P@250": 0.232,
        "R@250": 0.08157524613220815,
        "P@500": 0.15,
        "R@500": 0.10548523206751055,
        "P@1000": 0.087,
        "R@1000": 0.12236286919831224,
        "elapsed_s": 15.122203588485718
      }
    },
    {
      "n_epochs": 100,
      "metrics": {
        "AUC-ROC": 0.7669598509923591,
        "AUC-PR": 0.1818524497677041,
        "F1": 0.21292039680619404,
        "Precision": 0.12857977790765635,
        "Recall": 0.6188466947960619,
        "FPR": 0.20869200083980685,
        "threshold": 1536.3143949675643,
        "TP": 440,
        "FP": 2982,
        "TN": 11307,
        "FN": 271,
        "n_anomalies": 711,
        "n_normal": 14289,
        "P@10": 1.0,
        "R@10": 0.014064697609001406,
        "P@50": 0.78,
        "R@50": 0.05485232067510549,
        "P@100": 0.65,
        "R@100": 0.09142053445850915,
        "P@250": 0.276,
        "R@250": 0.0970464135021097,
        "P@500": 0.164,
        "R@500": 0.11533052039381153,
        "P@1000": 0.115,
        "R@1000": 0.1617440225035162,
        "elapsed_s": 21.57260251045227
      }
    }
  ],
  "best_config": {
    "n_epochs": 100,
    "metrics": {
      "AUC-ROC": 0.7669598509923591,
      "AUC-PR": 0.1818524497677041,
      "F1": 0.21292039680619404,
      "Precision": 0.12857977790765635,
      "Recall": 0.6188466947960619,
      "FPR": 0.20869200083980685,
      "threshold": 1536.3143949675643,
      "TP": 440,
      "FP": 2982,
      "TN": 11307,
      "FN": 271,
      "n_anomalies": 711,
      "n_normal": 14289,
      "P@10": 1.0,
      "R@10": 0.014064697609001406,
      "P@50": 0.78,
      "R@50": 0.05485232067510549,
      "P@100": 0.65,
      "R@100": 0.09142053445850915,
      "P@250": 0.276,
      "R@250": 0.0970464135021097,
      "P@500": 0.164,
      "R@500": 0.11533052039381153,
      "P@1000": 0.115,
      "R@1000": 0.1617440225035162,
      "elapsed_s": 21.57260251045227
    }
  },
  "recommendation": "epochs=100 gives best AUC-ROC."
}