{
  "sweep": "4a_memory",
  "param": "memory_len",
  "value": 4096,
  "config_id": "4a_memory_memory_len4096",
  "auc_roc": 0.9961388119113492,
  "auc_pr": 0.8989891478909862,
  "f1": 0.05808651612389343,
  "precision": 0.029911999999999994,
  "recall": 0.9999999999999933,
  "fpr": 0.9999999999999998,
  "acc": 0.029912,
  "best_threshold": 0.05808651612389343,
  "score_normal_mean": 63.89130556135415,
  "score_anomaly_mean": 498.08496787873906,
  "separation_ratio": 7.795817654714439,
  "train_time_s": 515.458822965622,
  "status": "MATCHED"
}