{
  "sweep": "4a_memory",
  "param": "memory_len",
  "value": 512,
  "config_id": "4a_memory_memory_len512",
  "auc_roc": 0.9963654565780836,
  "auc_pr": 0.8991583002514304,
  "f1": 0.05808651612389343,
  "precision": 0.029911999999999994,
  "recall": 0.9999999999999933,
  "fpr": 0.9999999999999998,
  "acc": 0.029912,
  "best_threshold": 0.05808651612389343,
  "score_normal_mean": 88.22309382899425,
  "score_anomaly_mean": 536.7052705935151,
  "separation_ratio": 6.083500898678756,
  "train_time_s": 38.42449712753296,
  "status": "MATCHED"
}