{
  "sweep": "4a_memory",
  "param": "memory_len",
  "results": [
    {
      "sweep": "4a_memory",
      "param": "memory_len",
      "value": 16,
      "config_id": "4a_memory_memory_len16",
      "auc_roc": 0.9678735169944431,
      "auc_pr": 0.3391167406722947,
      "f1": 0.05808651612389343,
      "precision": 0.029911999999999994,
      "recall": 0.9999999999999933,
      "fpr": 0.9999999999999998,
      "acc": 0.029912,
      "best_threshold": 0.05808651612389343,
      "score_normal_mean": 354.40238855543,
      "score_anomaly_mean": 693.571873348835,
      "separation_ratio": 1.9570180555940633,
      "train_time_s": 22.287918090820312,
      "status": "MATCHED"
    },
    {
      "sweep": "4a_memory",
      "param": "memory_len",
      "value": 32,
      "config_id": "4a_memory_memory_len32",
      "auc_roc": 0.9896027905263348,
      "auc_pr": 0.6705968806405819,
      "f1": 0.05808651612389343,
      "precision": 0.029911999999999994,
      "recall": 0.9999999999999933,
      "fpr": 0.9999999999999998,
      "acc": 0.029912,
      "best_threshold": 0.05808651612389343,
      "score_normal_mean": 264.60113487998973,
      "score_anomaly_mean": 688.1427085011297,
      "separation_ratio": 2.6006793538998916,
      "train_time_s": 20.87279725074768,
      "status": "MATCHED"
    },
    {
      "sweep": "4a_memory",
      "param": "memory_len",
      "value": 64,
      "config_id": "4a_memory_memory_len64",
      "auc_roc": 0.9907341419404297,
      "auc_pr": 0.687985324378618,
      "f1": 0.05808651612389343,
      "precision": 0.029911999999999994,
      "recall": 0.9999999999999933,
      "fpr": 0.9999999999999998,
      "acc": 0.029912,
      "best_threshold": 0.05808651612389343,
      "score_normal_mean": 218.72245496398062,
      "score_anomaly_mean": 671.9208265989661,
      "separation_ratio": 3.072024894331546,
      "train_time_s": 22.282931327819824,
      "status": "MATCHED"
    },
    {
      "sweep": "4a_memory",
      "param": "memory_len",
      "value": 128,
      "config_id": "4a_memory_memory_len128",
      "auc_roc": 0.9934052477327384,
      "auc_pr": 0.838907511552472,
      "f1": 0.05808651612389343,
      "precision": 0.029911999999999994,
      "recall": 0.9999999999999933,
      "fpr": 0.9999999999999998,
      "acc": 0.029912,
      "best_threshold": 0.05808651612389343,
      "score_normal_mean": 151.95757957711297,
      "score_anomaly_mean": 625.4656891895507,
      "separation_ratio": 4.116054565555501,
      "train_time_s": 24.620259046554565,
      "status": "MATCHED"
    },
    {
      "sweep": "4a_memory",
      "param": "memory_len",
      "value": 256,
      "config_id": "4a_memory_memory_len256",
      "auc_roc": 0.9960230855270644,
      "auc_pr": 0.8992630897690354,
      "f1": 0.05808651612389343,
      "precision": 0.029911999999999994,
      "recall": 0.9999999999999933,
      "fpr": 0.9999999999999998,
      "acc": 0.029912,
      "best_threshold": 0.05808651612389343,
      "score_normal_mean": 111.03156273160992,
      "score_anomaly_mean": 600.9808843872323,
      "separation_ratio": 5.412703105326967,
      "train_time_s": 28.750603199005127,
      "status": "MATCHED"
    },
    {
      "sweep": "4a_memory",
      "param": "memory_len",
      "value": 512,
      "config_id": "4a_memory_memory_len512",
      "auc_roc": 0.9963654565780836,
      "auc_pr": 0.8991583002514304,
      "f1": 0.05808651612389343,
      "precision": 0.029911999999999994,
      "recall": 0.9999999999999933,
      "fpr": 0.9999999999999998,
      "acc": 0.029912,
      "best_threshold": 0.05808651612389343,
      "score_normal_mean": 88.22309382899425,
      "score_anomaly_mean": 536.7052705935151,
      "separation_ratio": 6.083500898678756,
      "train_time_s": 38.42449712753296,
      "status": "MATCHED"
    },
    {
      "sweep": "4a_memory",
      "param": "memory_len",
      "value": 1024,
      "config_id": "4a_memory_memory_len1024",
      "auc_roc": 0.9964837195894972,
      "auc_pr": 0.9067850607098861,
      "f1": 0.05808651612389343,
      "precision": 0.029911999999999994,
      "recall": 0.9999999999999933,
      "fpr": 0.9999999999999998,
      "acc": 0.029912,
      "best_threshold": 0.05808651612389343,
      "score_normal_mean": 77.3942120936404,
      "score_anomaly_mean": 546.1834138269314,
      "separation_ratio": 7.057160982082101,
      "train_time_s": 59.8375780582428,
      "status": "MATCHED"
    },
    {
      "sweep": "4a_memory",
      "param": "memory_len",
      "value": 2048,
      "config_id": "4a_memory_memory_len2048",
      "auc_roc": 0.9967826982089711,
      "auc_pr": 0.9162873498801685,
      "f1": 0.05808651612389343,
      "precision": 0.029911999999999994,
      "recall": 0.9999999999999933,
      "fpr": 0.9999999999999998,
      "acc": 0.029912,
      "best_threshold": 0.05808651612389343,
      "score_normal_mean": 68.13493494955597,
      "score_anomaly_mean": 515.7138178027801,
      "separation_ratio": 7.5690072674734985,
      "train_time_s": 107.71953058242798,
      "status": "MATCHED"
    },
    {
      "sweep": "4a_memory",
      "param": "memory_len",
      "value": 4096,
      "config_id": "4a_memory_memory_len4096",
      "auc_roc": 0.9961388119113492,
      "auc_pr": 0.8989891478909862,
      "f1": 0.05808651612389343,
      "precision": 0.029911999999999994,
      "recall": 0.9999999999999933,
      "fpr": 0.9999999999999998,
      "acc": 0.029912,
      "best_threshold": 0.05808651612389343,
      "score_normal_mean": 63.89130556135415,
      "score_anomaly_mean": 498.08496787873906,
      "separation_ratio": 7.795817654714439,
      "train_time_s": 515.458822965622,
      "status": "MATCHED"
    },
    {
      "sweep": "4a_memory",
      "param": "memory_len",
      "value": 8192,
      "config_id": "4a_memory_memory_len8192",
      "auc_roc": 0.9914118906215084,
      "auc_pr": 0.8434639336252449,
      "f1": 0.05808651612389343,
      "precision": 0.029911999999999994,
      "recall": 0.9999999999999933,
      "fpr": 0.9999999999999998,
      "acc": 0.029912,
      "best_threshold": 0.05808651612389343,
      "score_normal_mean": 76.3113068734684,
      "score_anomaly_mean": 468.73345051502986,
      "separation_ratio": 6.142385312462562,
      "train_time_s": 886.7471535205841,
      "status": "MATCHED"
    },
    {
      "sweep": "4a_memory",
      "param": "memory_len",
      "value": 16384,
      "config_id": "4a_memory_memory_len16384",
      "auc_roc": 0.9916235412530984,
      "auc_pr": 0.8541609390361222,
      "f1": 0.05808651612389343,
      "precision": 0.029911999999999994,
      "recall": 0.9999999999999933,
      "fpr": 0.9999999999999998,
      "acc": 0.029912,
      "best_threshold": 0.05808651612389343,
      "score_normal_mean": 93.40296264067783,
      "score_anomaly_mean": 471.20168914397027,
      "separation_ratio": 5.044825943650028,
      "train_time_s": 1822.7209651470184,
      "status": "MATCHED"
    }
  ]
}