{
  "sweep": "4a_memory",
  "param": "memory_len",
  "value": 256,
  "config_id": "4a_memory_memory_len256",
  "auc_roc": 0.9960230855270644,
  "auc_pr": 0.8992630897690354,
  "f1": 0.05808651612389343,
  "precision": 0.029911999999999994,
  "recall": 0.9999999999999933,
  "fpr": 0.9999999999999998,
  "acc": 0.029912,
  "best_threshold": 0.05808651612389343,
  "score_normal_mean": 111.03156273160992,
  "score_anomaly_mean": 600.9808843872323,
  "separation_ratio": 5.412703105326967,
  "train_time_s": 28.750603199005127,
  "status": "MATCHED"
}