{
  "sweep": "4a_memory",
  "param": "memory_len",
  "value": 128,
  "config_id": "4a_memory_memory_len128",
  "auc_roc": 0.9934052477327384,
  "auc_pr": 0.838907511552472,
  "f1": 0.05808651612389343,
  "precision": 0.029911999999999994,
  "recall": 0.9999999999999933,
  "fpr": 0.9999999999999998,
  "acc": 0.029912,
  "best_threshold": 0.05808651612389343,
  "score_normal_mean": 151.95757957711297,
  "score_anomaly_mean": 625.4656891895507,
  "separation_ratio": 4.116054565555501,
  "train_time_s": 24.620259046554565,
  "status": "MATCHED"
}