{
  "sweep": "4b_outdim",
  "param": "out_dim",
  "results": [
    {
      "sweep": "4b_outdim",
      "param": "out_dim",
      "value": 19,
      "config_id": "4b_outdim_out_dim19",
      "auc_roc": 0.9949331399346264,
      "auc_pr": 0.8884450824379773,
      "f1": 0.05808651612389343,
      "precision": 0.029911999999999994,
      "recall": 0.9999999999999933,
      "fpr": 0.9999999999999998,
      "acc": 0.029912,
      "best_threshold": 0.05808651612389343,
      "score_normal_mean": 14.26351006835825,
      "score_anomaly_mean": 114.30402019907683,
      "separation_ratio": 8.013737127149657,
      "train_time_s": 78.4181969165802,
      "status": "MATCHED"
    },
    {
      "sweep": "4b_outdim",
      "param": "out_dim",
      "value": 38,
      "config_id": "4b_outdim_out_dim38",
      "auc_roc": 0.9963664060126052,
      "auc_pr": 0.9036124737605675,
      "f1": 0.05808651612389343,
      "precision": 0.029911999999999994,
      "recall": 0.9999999999999933,
      "fpr": 0.9999999999999998,
      "acc": 0.029912,
      "best_threshold": 0.05808651612389343,
      "score_normal_mean": 30.62988381481516,
      "score_anomaly_mean": 244.5251737327045,
      "separation_ratio": 7.983222372317112,
      "train_time_s": 89.88329124450684,
      "status": "MATCHED"
    },
    {
      "sweep": "4b_outdim",
      "param": "out_dim",
      "value": 76,
      "config_id": "4b_outdim_out_dim76",
      "auc_roc": 0.9967826982089711,
      "auc_pr": 0.9162873498801685,
      "f1": 0.05808651612389343,
      "precision": 0.029911999999999994,
      "recall": 0.9999999999999933,
      "fpr": 0.9999999999999998,
      "acc": 0.029912,
      "best_threshold": 0.05808651612389343,
      "score_normal_mean": 68.13493494955597,
      "score_anomaly_mean": 515.7138178027801,
      "separation_ratio": 7.5690072674734985,
      "train_time_s": 109.88122606277466,
      "status": "MATCHED"
    },
    {
      "sweep": "4b_outdim",
      "param": "out_dim",
      "value": 152,
      "config_id": "4b_outdim_out_dim152",
      "auc_roc": 0.9962923694877021,
      "auc_pr": 0.906271972602013,
      "f1": 0.05808651612389343,
      "precision": 0.029911999999999994,
      "recall": 0.9999999999999933,
      "fpr": 0.9999999999999998,
      "acc": 0.029912,
      "best_threshold": 0.05808651612389343,
      "score_normal_mean": 144.4009092749544,
      "score_anomaly_mean": 1058.9902246877707,
      "separation_ratio": 7.333681138188747,
      "train_time_s": 475.0785171985626,
      "status": "MATCHED"
    }
  ]
}