{
  "sweep": "4c_beta",
  "param": "beta",
  "results": [
    {
      "sweep": "4c_beta",
      "param": "beta",
      "value": 0.0001,
      "config_id": "4c_beta_beta0.0001",
      "auc_roc": 0.9967826982089711,
      "auc_pr": 0.9162873498801685,
      "f1": 0.05808651612389343,
      "precision": 0.029911999999999994,
      "recall": 0.9999999999999933,
      "fpr": 0.9999999999999998,
      "acc": 0.029912,
      "best_threshold": 0.05808651612389343,
      "score_normal_mean": 68.13493494955597,
      "score_anomaly_mean": 515.7138178027801,
      "separation_ratio": 7.5690072674734985,
      "train_time_s": 107.72812485694885,
      "status": "MATCHED"
    },
    {
      "sweep": "4c_beta",
      "param": "beta",
      "value": 0.0005,
      "config_id": "4c_beta_beta0.0005",
      "auc_roc": 0.9967826982089711,
      "auc_pr": 0.9162873498801685,
      "f1": 0.05808651612389343,
      "precision": 0.029911999999999994,
      "recall": 0.9999999999999933,
      "fpr": 0.9999999999999998,
      "acc": 0.029912,
      "best_threshold": 0.05808651612389343,
      "score_normal_mean": 68.13493494955597,
      "score_anomaly_mean": 515.7138178027801,
      "separation_ratio": 7.5690072674734985,
      "train_time_s": 112.97860836982727,
      "status": "MATCHED"
    },
    {
      "sweep": "4c_beta",
      "param": "beta",
      "value": 0.001,
      "config_id": "4c_beta_beta0.001",
      "auc_roc": 0.9967826982089711,
      "auc_pr": 0.9162873498801685,
      "f1": 0.05808651612389343,
      "precision": 0.029911999999999994,
      "recall": 0.9999999999999933,
      "fpr": 0.9999999999999998,
      "acc": 0.029912,
      "best_threshold": 0.05808651612389343,
      "score_normal_mean": 68.13493494955597,
      "score_anomaly_mean": 515.7138178027801,
      "separation_ratio": 7.5690072674734985,
      "train_time_s": 113.75093197822571,
      "status": "MATCHED"
    },
    {
      "sweep": "4c_beta",
      "param": "beta",
      "value": 0.005,
      "config_id": "4c_beta_beta0.005",
      "auc_roc": 0.9967826982089711,
      "auc_pr": 0.9162873498801685,
      "f1": 0.05808651612389343,
      "precision": 0.029911999999999994,
      "recall": 0.9999999999999933,
      "fpr": 0.9999999999999998,
      "acc": 0.029912,
      "best_threshold": 0.05808651612389343,
      "score_normal_mean": 68.13493494955597,
      "score_anomaly_mean": 515.7138178027801,
      "separation_ratio": 7.5690072674734985,
      "train_time_s": 115.81092309951782,
      "status": "MATCHED"
    },
    {
      "sweep": "4c_beta",
      "param": "beta",
      "value": 0.01,
      "config_id": "4c_beta_beta0.01",
      "auc_roc": 0.9967826982089711,
      "auc_pr": 0.9162873498801685,
      "f1": 0.05808651612389343,
      "precision": 0.029911999999999994,
      "recall": 0.9999999999999933,
      "fpr": 0.9999999999999998,
      "acc": 0.029912,
      "best_threshold": 0.05808651612389343,
      "score_normal_mean": 68.13493494955597,
      "score_anomaly_mean": 515.7138178027801,
      "separation_ratio": 7.5690072674734985,
      "train_time_s": 108.51359868049622,
      "status": "MATCHED"
    },
    {
      "sweep": "4c_beta",
      "param": "beta",
      "value": 0.05,
      "config_id": "4c_beta_beta0.05",
      "auc_roc": 0.9967826982089711,
      "auc_pr": 0.9162873498801685,
      "f1": 0.05808651612389343,
      "precision": 0.029911999999999994,
      "recall": 0.9999999999999933,
      "fpr": 0.9999999999999998,
      "acc": 0.029912,
      "best_threshold": 0.05808651612389343,
      "score_normal_mean": 68.13493494955597,
      "score_anomaly_mean": 515.7138178027801,
      "separation_ratio": 7.5690072674734985,
      "train_time_s": 106.60898399353027,
      "status": "MATCHED"
    },
    {
      "sweep": "4c_beta",
      "param": "beta",
      "value": 0.1,
      "config_id": "4c_beta_beta0.1",
      "auc_roc": 0.9967826982089711,
      "auc_pr": 0.9162873498801685,
      "f1": 0.05808651612389343,
      "precision": 0.029911999999999994,
      "recall": 0.9999999999999933,
      "fpr": 0.9999999999999998,
      "acc": 0.029912,
      "best_threshold": 0.05808651612389343,
      "score_normal_mean": 68.13493494955597,
      "score_anomaly_mean": 515.7138178027801,
      "separation_ratio": 7.5690072674734985,
      "train_time_s": 107.53568840026855,
      "status": "MATCHED"
    },
    {
      "sweep": "4c_beta",
      "param": "beta",
      "value": 0.25,
      "config_id": "4c_beta_beta0.25",
      "auc_roc": 0.9967826982089711,
      "auc_pr": 0.9162873498801685,
      "f1": 0.05808651612389343,
      "precision": 0.029911999999999994,
      "recall": 0.9999999999999933,
      "fpr": 0.9999999999999998,
      "acc": 0.029912,
      "best_threshold": 0.05808651612389343,
      "score_normal_mean": 68.13493494955597,
      "score_anomaly_mean": 515.7138178027801,
      "separation_ratio": 7.5690072674734985,
      "train_time_s": 107.63662505149841,
      "status": "MATCHED"
    },
    {
      "sweep": "4c_beta",
      "param": "beta",
      "value": 0.5,
      "config_id": "4c_beta_beta0.5",
      "auc_roc": 0.9967826982089711,
      "auc_pr": 0.9162873498801685,
      "f1": 0.05808651612389343,
      "precision": 0.029911999999999994,
      "recall": 0.9999999999999933,
      "fpr": 0.9999999999999998,
      "acc": 0.029912,
      "best_threshold": 0.05808651612389343,
      "score_normal_mean": 68.13493494955597,
      "score_anomaly_mean": 515.7138178027801,
      "separation_ratio": 7.5690072674734985,
      "train_time_s": 106.1612434387207,
      "status": "MATCHED"
    },
    {
      "sweep": "4c_beta",
      "param": "beta",
      "value": 0.75,
      "config_id": "4c_beta_beta0.75",
      "auc_roc": 0.9967826982089711,
      "auc_pr": 0.9162873498801685,
      "f1": 0.05808651612389343,
      "precision": 0.029911999999999994,
      "recall": 0.9999999999999933,
      "fpr": 0.9999999999999998,
      "acc": 0.029912,
      "best_threshold": 0.05808651612389343,
      "score_normal_mean": 68.13493494955597,
      "score_anomaly_mean": 515.7138178027801,
      "separation_ratio": 7.5690072674734985,
      "train_time_s": 107.78992557525635,
      "status": "MATCHED"
    },
    {
      "sweep": "4c_beta",
      "param": "beta",
      "value": 1.0,
      "config_id": "4c_beta_beta1.0",
      "auc_roc": 0.9967826982089711,
      "auc_pr": 0.9162873498801685,
      "f1": 0.05808651612389343,
      "precision": 0.029911999999999994,
      "recall": 0.9999999999999933,
      "fpr": 0.9999999999999998,
      "acc": 0.029912,
      "best_threshold": 0.05808651612389343,
      "score_normal_mean": 68.13493494955597,
      "score_anomaly_mean": 515.7138178027801,
      "separation_ratio": 7.5690072674734985,
      "train_time_s": 107.10891532897949,
      "status": "MATCHED"
    }
  ]
}