{
  "sweep": "4d_gamma",
  "param": "gamma",
  "results": [
    {
      "sweep": "4d_gamma",
      "param": "gamma",
      "value": 0,
      "config_id": "4d_gamma_gamma0",
      "auc_roc": 0.9967826982089711,
      "auc_pr": 0.9162873498801685,
      "f1": 0.05808651612389343,
      "precision": 0.029911999999999994,
      "recall": 0.9999999999999933,
      "fpr": 0.9999999999999998,
      "acc": 0.029912,
      "best_threshold": 0.05808651612389343,
      "score_normal_mean": 68.13493494955597,
      "score_anomaly_mean": 515.7138178027801,
      "separation_ratio": 7.5690072674734985,
      "train_time_s": 110.75593543052673,
      "status": "MATCHED"
    },
    {
      "sweep": "4d_gamma",
      "param": "gamma",
      "value": 0.25,
      "config_id": "4d_gamma_gamma0.25",
      "auc_roc": 0.9967826982089711,
      "auc_pr": 0.9162873498801685,
      "f1": 0.05808651612389343,
      "precision": 0.029911999999999994,
      "recall": 0.9999999999999933,
      "fpr": 0.9999999999999998,
      "acc": 0.029912,
      "best_threshold": 0.05808651612389343,
      "score_normal_mean": 68.13493494955597,
      "score_anomaly_mean": 515.7138178027801,
      "separation_ratio": 7.5690072674734985,
      "train_time_s": 108.27270579338074,
      "status": "MATCHED"
    },
    {
      "sweep": "4d_gamma",
      "param": "gamma",
      "value": 0.5,
      "config_id": "4d_gamma_gamma0.5",
      "auc_roc": 0.9967826982089711,
      "auc_pr": 0.9162873498801685,
      "f1": 0.05808651612389343,
      "precision": 0.029911999999999994,
      "recall": 0.9999999999999933,
      "fpr": 0.9999999999999998,
      "acc": 0.029912,
      "best_threshold": 0.05808651612389343,
      "score_normal_mean": 68.13493494955597,
      "score_anomaly_mean": 515.7138178027801,
      "separation_ratio": 7.5690072674734985,
      "train_time_s": 110.96492028236389,
      "status": "MATCHED"
    },
    {
      "sweep": "4d_gamma",
      "param": "gamma",
      "value": 1.0,
      "config_id": "4d_gamma_gamma1.0",
      "auc_roc": 0.9967826982089711,
      "auc_pr": 0.9162873498801685,
      "f1": 0.05808651612389343,
      "precision": 0.029911999999999994,
      "recall": 0.9999999999999933,
      "fpr": 0.9999999999999998,
      "acc": 0.029912,
      "best_threshold": 0.05808651612389343,
      "score_normal_mean": 68.13493494955597,
      "score_anomaly_mean": 515.7138178027801,
      "separation_ratio": 7.5690072674734985,
      "train_time_s": 114.48150563240051,
      "status": "MATCHED"
    }
  ]
}