{
  "timestamp": "2026-05-14T15:27:46.595184",
  "n_warmup": 1778774,
  "n_test": 1185850,
  "n_anomalies": 478,
  "experiment_a": {
    "precision": 0.0004030863937260193,
    "recall": 1.0,
    "f1": 0.0008058479611035059,
    "fpr": 1.0,
    "auc_roc": 0.40169691905556065,
    "auc_pr": 0.002107310241792342,
    "tp": 478,
    "fp": 1185372,
    "tn": 0,
    "fn": 0,
    "update_rate": 0.0,
    "drift_events": 0
  },
  "experiment_b": {
    "precision": 0.0003593276191477801,
    "recall": 0.42887029288702927,
    "f1": 0.0007180536193405116,
    "fpr": 0.48111900736646385,
    "auc_roc": 0.440110534938332,
    "auc_pr": 0.0024432923681002514,
    "tp": 205,
    "fp": 570305,
    "tn": 615067,
    "fn": 273,
    "update_rate": 0.005188683223004596,
    "drift_events": 258
  },
  "experiment_c": {
    "precision": 0.0003966206217134864,
    "recall": 0.9728033472803347,
    "f1": 0.0007929179636843573,
    "fpr": 0.9886685361219938,
    "auc_roc": 0.5033976075614178,
    "auc_pr": 0.0008840064859016208,
    "tp": 465,
    "fp": 1171940,
    "tn": 13432,
    "fn": 13,
    "update_rate": 1.0,
    "drift_events": 0
  },
  "relative_b_vs_c": 276.388511517342,
  "relative_a_vs_c": 238.3817625096995,
  "update_savings_pct": 99.48113167769954,
  "success": true
}