{
  "experiment": "Full Data Training",
  "results": {
    "train_200K_val_100K": {
      "train_size": 200000,
      "train_label": "200K",
      "val_size": 100000,
      "val_label": "100K",
      "n_train": 200000,
      "n_val": 100000,
      "n_anomaly": 2947,
      "anomaly_rate": 0.02947,
      "memory_len": 1024,
      "k": 10,
      "noise_std": 0.001,
      "lr": 0.01,
      "epochs": 5000,
      "train_time_s": 30.88425922393799,
      "score_time_s": 15.055858373641968,
      "auc_roc": 0.9917098773959878,
      "auc_pr": 0.8909582957578592,
      "f1": 0.05725276112395175,
      "precision": 0.02946999999999997,
      "recall": 0.999999999999966,
      "separation_ratio": 8.515074234126782,
      "best_threshold": 0.05725276112395175
    },
    "train_200K_val_300K": {
      "train_size": 200000,
      "train_label": "200K",
      "val_size": 300000,
      "val_label": "300K",
      "n_train": 200000,
      "n_val": 300000,
      "n_anomaly": 8880,
      "anomaly_rate": 0.0296,
      "memory_len": 1024,
      "k": 10,
      "noise_std": 0.001,
      "lr": 0.01,
      "epochs": 5000,
      "train_time_s": 24.958707571029663,
      "score_time_s": 34.04527163505554,
      "auc_roc": 0.9956711173250743,
      "auc_pr": 0.9091367899189527,
      "f1": 0.05749805749247295,
      "precision": 0.029599999999999987,
      "recall": 0.9999999999999888,
      "separation_ratio": 9.157061662918595,
      "best_threshold": 0.05749805749247295
    },
    "train_200K_val_FULL": {
      "train_size": 200000,
      "train_label": "200K",
      "val_size": "FULL",
      "val_label": "FULL",
      "n_train": 200000,
      "n_val": 1764631,
      "n_anomaly": 52931,
      "anomaly_rate": 0.029995506142643985,
      "memory_len": 1024,
      "k": 10,
      "noise_std": 0.001,
      "lr": 0.01,
      "epochs": 5000,
      "train_time_s": 21.927058219909668,
      "score_time_s": 174.37090015411377,
      "auc_roc": 0.9975606355399729,
      "auc_pr": 0.913924232486774,
      "f1": 0.05824395535872894,
      "precision": 0.029995506142643985,
      "recall": 0.9999999999999981,
      "separation_ratio": 9.381090661409594,
      "best_threshold": 0.05824395535872894
    },
    "train_500K_val_100K": {
      "train_size": 500000,
      "train_label": "500K",
      "val_size": 100000,
      "val_label": "100K",
      "n_train": 500000,
      "n_val": 100000,
      "n_anomaly": 2947,
      "anomaly_rate": 0.02947,
      "memory_len": 1024,
      "k": 10,
      "noise_std": 0.001,
      "lr": 0.01,
      "epochs": 5000,
      "train_time_s": 14.722098588943481,
      "score_time_s": 8.902003049850464,
      "auc_roc": 0.990043745613498,
      "auc_pr": 0.8708092867148327,
      "f1": 0.05725276112395175,
      "precision": 0.02946999999999997,
      "recall": 0.999999999999966,
      "separation_ratio": 6.793659623185087,
      "best_threshold": 0.05725276112395175
    },
    "train_500K_val_300K": {
      "train_size": 500000,
      "train_label": "500K",
      "val_size": 300000,
      "val_label": "300K",
      "n_train": 500000,
      "n_val": 300000,
      "n_anomaly": 8880,
      "anomaly_rate": 0.0296,
      "memory_len": 1024,
      "k": 10,
      "noise_std": 0.001,
      "lr": 0.01,
      "epochs": 5000,
      "train_time_s": 14.872697830200195,
      "score_time_s": 31.060760259628296,
      "auc_roc": 0.9952808986851648,
      "auc_pr": 0.896374847946993,
      "f1": 0.05749805749247295,
      "precision": 0.029599999999999987,
      "recall": 0.9999999999999888,
      "separation_ratio": 8.155819178248137,
      "best_threshold": 0.05749805749247295
    },
    "train_500K_val_FULL": {
      "train_size": 500000,
      "train_label": "500K",
      "val_size": "FULL",
      "val_label": "FULL",
      "n_train": 500000,
      "n_val": 1764631,
      "n_anomaly": 52931,
      "anomaly_rate": 0.029995506142643985,
      "memory_len": 1024,
      "k": 10,
      "noise_std": 0.001,
      "lr": 0.01,
      "epochs": 5000,
      "train_time_s": 16.241718769073486,
      "score_time_s": 180.80927991867065,
      "auc_roc": 0.9971774487306614,
      "auc_pr": 0.8996453232281596,
      "f1": 0.05824395535872894,
      "precision": 0.029995506142643985,
      "recall": 0.9999999999999981,
      "separation_ratio": 8.137844040934114,
      "best_threshold": 0.05824395535872894
    },
    "train_FULL_val_100K": {
      "train_size": "FULL",
      "train_label": "FULL",
      "val_size": 100000,
      "val_label": "100K",
      "n_train": 25001739,
      "n_val": 100000,
      "n_anomaly": 2947,
      "anomaly_rate": 0.02947,
      "memory_len": 1024,
      "k": 10,
      "noise_std": 0.001,
      "lr": 0.01,
      "epochs": 5000,
      "train_time_s": 18.817108392715454,
      "score_time_s": 11.656226634979248,
      "auc_roc": 0.9847518466248179,
      "auc_pr": 0.7425048275670716,
      "f1": 0.05725276112395175,
      "precision": 0.02946999999999997,
      "recall": 0.999999999999966,
      "separation_ratio": 8.97710075538991,
      "best_threshold": 0.05725276112395175
    },
    "train_FULL_val_300K": {
      "train_size": "FULL",
      "train_label": "FULL",
      "val_size": 300000,
      "val_label": "300K",
      "n_train": 25001739,
      "n_val": 300000,
      "n_anomaly": 8880,
      "anomaly_rate": 0.0296,
      "memory_len": 1024,
      "k": 10,
      "noise_std": 0.001,
      "lr": 0.01,
      "epochs": 5000,
      "train_time_s": 18.933130741119385,
      "score_time_s": 34.70149612426758,
      "auc_roc": 0.9930017949472556,
      "auc_pr": 0.8311336286950508,
      "f1": 0.05749805749247295,
      "precision": 0.029599999999999987,
      "recall": 0.9999999999999888,
      "separation_ratio": 10.649306042439875,
      "best_threshold": 0.05749805749247295
    },
    "train_FULL_val_FULL": {
      "train_size": "FULL",
      "train_label": "FULL",
      "val_size": "FULL",
      "val_label": "FULL",
      "n_train": 25001739,
      "n_val": 1764631,
      "n_anomaly": 52931,
      "anomaly_rate": 0.029995506142643985,
      "memory_len": 1024,
      "k": 10,
      "noise_std": 0.001,
      "lr": 0.01,
      "epochs": 5000,
      "train_time_s": 19.146626949310303,
      "score_time_s": 217.77460718154907,
      "auc_roc": 0.9966535622234717,
      "auc_pr": 0.8888022637831958,
      "f1": 0.05824395535872894,
      "precision": 0.029995506142643985,
      "recall": 0.9999999999999981,
      "separation_ratio": 11.643089878354914,
      "best_threshold": 0.05824395535872894
    }
  },
  "best_key": "train_200K_val_FULL",
  "best": {
    "train_size": 200000,
    "train_label": "200K",
    "val_size": "FULL",
    "val_label": "FULL",
    "n_train": 200000,
    "n_val": 1764631,
    "n_anomaly": 52931,
    "anomaly_rate": 0.029995506142643985,
    "memory_len": 1024,
    "k": 10,
    "noise_std": 0.001,
    "lr": 0.01,
    "epochs": 5000,
    "train_time_s": 21.927058219909668,
    "score_time_s": 174.37090015411377,
    "auc_roc": 0.9975606355399729,
    "auc_pr": 0.913924232486774,
    "f1": 0.05824395535872894,
    "precision": 0.029995506142643985,
    "recall": 0.9999999999999981,
    "separation_ratio": 9.381090661409594,
    "best_threshold": 0.05824395535872894
  },
  "best_config": {
    "config_id": "M1024_k10_g0_b0p001",
    "stage": 1,
    "memory_len": 1024,
    "k": 10,
    "gamma": 0.0,
    "beta": 0.001,
    "noise_std": 0.001,
    "lr": 0.01,
    "out_dim": 68,
    "epochs": 5000,
    "adam_betas": [
      0.9,
      0.999
    ],
    "auc_roc": 0.9965895621364087,
    "auc_pr": 0.9061355889415166,
    "f1": 0.8832770427292164,
    "precision": 0.8230640411156667,
    "recall": 0.9529954533297673,
    "fpr": 0.00631695268882823,
    "acc": 0.992466,
    "best_threshold": 144.89066103834602,
    "score_normal_mean": 29.24232896982853,
    "score_anomaly_mean": 256.81223762542305,
    "separation_ratio": 8.782208759445775,
    "train_time_s": 76.49463319778442
  }
}