{
  "train_size": 200000,
  "train_label": "200K",
  "val_size": 100000,
  "val_label": "100K",
  "n_train": 200000,
  "n_val": 100000,
  "n_anomaly": 2947,
  "anomaly_rate": 0.02947,
  "memory_len": 1024,
  "k": 10,
  "noise_std": 0.001,
  "lr": 0.01,
  "epochs": 5000,
  "train_time_s": 30.88425922393799,
  "score_time_s": 15.055858373641968,
  "auc_roc": 0.9917098773959878,
  "auc_pr": 0.8909582957578592,
  "f1": 0.05725276112395175,
  "precision": 0.02946999999999997,
  "recall": 0.999999999999966,
  "separation_ratio": 8.515074234126782,
  "best_threshold": 0.05725276112395175
}