{
  "train_size": 500000,
  "train_label": "500K",
  "val_size": 100000,
  "val_label": "100K",
  "n_train": 500000,
  "n_val": 100000,
  "n_anomaly": 2947,
  "anomaly_rate": 0.02947,
  "memory_len": 1024,
  "k": 10,
  "noise_std": 0.001,
  "lr": 0.01,
  "epochs": 5000,
  "train_time_s": 14.722098588943481,
  "score_time_s": 8.902003049850464,
  "auc_roc": 0.990043745613498,
  "auc_pr": 0.8708092867148327,
  "f1": 0.05725276112395175,
  "precision": 0.02946999999999997,
  "recall": 0.999999999999966,
  "separation_ratio": 6.793659623185087,
  "best_threshold": 0.05725276112395175
}