{
  "train_size": "FULL",
  "train_label": "FULL",
  "val_size": 300000,
  "val_label": "300K",
  "n_train": 25001739,
  "n_val": 300000,
  "n_anomaly": 8880,
  "anomaly_rate": 0.0296,
  "memory_len": 1024,
  "k": 10,
  "noise_std": 0.001,
  "lr": 0.01,
  "epochs": 5000,
  "train_time_s": 18.933130741119385,
  "score_time_s": 34.70149612426758,
  "auc_roc": 0.9930017949472556,
  "auc_pr": 0.8311336286950508,
  "f1": 0.05749805749247295,
  "precision": 0.029599999999999987,
  "recall": 0.9999999999999888,
  "separation_ratio": 10.649306042439875,
  "best_threshold": 0.05749805749247295
}