{
  "train_size": 500000,
  "train_label": "500K",
  "val_size": 300000,
  "val_label": "300K",
  "n_train": 500000,
  "n_val": 300000,
  "n_anomaly": 8880,
  "anomaly_rate": 0.0296,
  "memory_len": 1024,
  "k": 10,
  "noise_std": 0.001,
  "lr": 0.01,
  "epochs": 5000,
  "train_time_s": 14.872697830200195,
  "score_time_s": 31.060760259628296,
  "auc_roc": 0.9952808986851648,
  "auc_pr": 0.896374847946993,
  "f1": 0.05749805749247295,
  "precision": 0.029599999999999987,
  "recall": 0.9999999999999888,
  "separation_ratio": 8.155819178248137,
  "best_threshold": 0.05749805749247295
}