{
  "train_size": 200000,
  "train_label": "200K",
  "val_size": "FULL",
  "val_label": "FULL",
  "n_train": 200000,
  "n_val": 1764631,
  "n_anomaly": 52931,
  "anomaly_rate": 0.029995506142643985,
  "memory_len": 1024,
  "k": 10,
  "noise_std": 0.001,
  "lr": 0.01,
  "epochs": 5000,
  "train_time_s": 21.927058219909668,
  "score_time_s": 174.37090015411377,
  "auc_roc": 0.9975606355399729,
  "auc_pr": 0.913924232486774,
  "f1": 0.05824395535872894,
  "precision": 0.029995506142643985,
  "recall": 0.9999999999999981,
  "separation_ratio": 9.381090661409594,
  "best_threshold": 0.05824395535872894
}