{
  "train_size": 200000,
  "train_label": "200K",
  "val_size": 300000,
  "val_label": "300K",
  "n_train": 200000,
  "n_val": 300000,
  "n_anomaly": 8880,
  "anomaly_rate": 0.0296,
  "memory_len": 1024,
  "k": 10,
  "noise_std": 0.001,
  "lr": 0.01,
  "epochs": 5000,
  "train_time_s": 24.958707571029663,
  "score_time_s": 34.04527163505554,
  "auc_roc": 0.9956711173250743,
  "auc_pr": 0.9091367899189527,
  "f1": 0.05749805749247295,
  "precision": 0.029599999999999987,
  "recall": 0.9999999999999888,
  "separation_ratio": 9.157061662918595,
  "best_threshold": 0.05749805749247295
}