{
  "train_size": "FULL",
  "train_label": "FULL",
  "val_size": "FULL",
  "val_label": "FULL",
  "n_train": 25001739,
  "n_val": 1764631,
  "n_anomaly": 52931,
  "anomaly_rate": 0.029995506142643985,
  "memory_len": 1024,
  "k": 10,
  "noise_std": 0.001,
  "lr": 0.01,
  "epochs": 5000,
  "train_time_s": 19.146626949310303,
  "score_time_s": 217.77460718154907,
  "auc_roc": 0.9966535622234717,
  "auc_pr": 0.8888022637831958,
  "f1": 0.05824395535872894,
  "precision": 0.029995506142643985,
  "recall": 0.9999999999999981,
  "separation_ratio": 11.643089878354914,
  "best_threshold": 0.05824395535872894
}