{
  "train_size": "FULL",
  "train_label": "FULL",
  "val_size": 100000,
  "val_label": "100K",
  "n_train": 25001739,
  "n_val": 100000,
  "n_anomaly": 2947,
  "anomaly_rate": 0.02947,
  "memory_len": 1024,
  "k": 10,
  "noise_std": 0.001,
  "lr": 0.01,
  "epochs": 5000,
  "train_time_s": 18.817108392715454,
  "score_time_s": 11.656226634979248,
  "auc_roc": 0.9847518466248179,
  "auc_pr": 0.7425048275670716,
  "f1": 0.05725276112395175,
  "precision": 0.02946999999999997,
  "recall": 0.999999999999966,
  "separation_ratio": 8.97710075538991,
  "best_threshold": 0.05725276112395175
}