{
  "config_id": "M1024_k5_n0.005_e10000_lr5",
  "base_id": "M1024_k5_g0_b0p001",
  "memory_len": 1024,
  "k": 5,
  "gamma": 0.0,
  "beta": 0.001,
  "noise_std": 0.005,
  "lr": 0.005,
  "out_dim": 38,
  "epochs": 10000,
  "auc_roc": 0.996802823808471,
  "auc_pr": 0.9091726946678066,
  "f1": 0.05808651612389343,
  "precision": 0.029911999999999994,
  "recall": 0.9999999999999933,
  "fpr": 0.9999999999999998,
  "acc": 0.029912,
  "best_threshold": 0.05808651612389343,
  "score_normal_mean": 11.368073922992092,
  "score_anomaly_mean": 118.30797319196705,
  "separation_ratio": 10.407037638244661,
  "train_time_s": 88.86123538017273
}