{
  "config_id": "M1024_k5_n0.001_e5000_lr5",
  "base_id": "M1024_k5_g0_b0p001",
  "memory_len": 1024,
  "k": 5,
  "gamma": 0.0,
  "beta": 0.001,
  "noise_std": 0.001,
  "lr": 0.005,
  "out_dim": 38,
  "epochs": 5000,
  "auc_roc": 0.9966239049923191,
  "auc_pr": 0.9080947979347225,
  "f1": 0.05808651612389343,
  "precision": 0.029911999999999994,
  "recall": 0.9999999999999933,
  "fpr": 0.9999999999999998,
  "acc": 0.029912,
  "best_threshold": 0.05808651612389343,
  "score_normal_mean": 13.174860024895873,
  "score_anomaly_mean": 119.59670959442941,
  "separation_ratio": 9.077645558854192,
  "train_time_s": 62.270357847213745
}