{
  "config_id": "M1024_k10_n0.0005_e10000_lr10",
  "base_id": "M1024_k10_g0_b0p001",
  "memory_len": 1024,
  "k": 10,
  "gamma": 0.0,
  "beta": 0.001,
  "noise_std": 0.0005,
  "lr": 0.01,
  "out_dim": 38,
  "epochs": 10000,
  "auc_roc": 0.9966339803018596,
  "auc_pr": 0.9063668761355502,
  "f1": 0.05808651612389343,
  "precision": 0.029911999999999994,
  "recall": 0.9999999999999933,
  "fpr": 0.9999999999999998,
  "acc": 0.029912,
  "best_threshold": 0.05808651612389343,
  "score_normal_mean": 29.322661558142784,
  "score_anomaly_mean": 263.7074312202176,
  "separation_ratio": 8.993297920668725,
  "train_time_s": 97.50700330734253
}