{
  "config_id": "M1024_k5_n0.005_e5000_lr5",
  "base_id": "M1024_k5_g0_b0p001",
  "memory_len": 1024,
  "k": 5,
  "gamma": 0.0,
  "beta": 0.001,
  "noise_std": 0.005,
  "lr": 0.005,
  "out_dim": 38,
  "epochs": 5000,
  "auc_roc": 0.9966243223299617,
  "auc_pr": 0.9084678070123295,
  "f1": 0.05808651612389343,
  "precision": 0.029911999999999994,
  "recall": 0.9999999999999933,
  "fpr": 0.9999999999999998,
  "acc": 0.029912,
  "best_threshold": 0.05808651612389343,
  "score_normal_mean": 13.198430460496459,
  "score_anomaly_mean": 118.18176927528907,
  "separation_ratio": 8.954229037166003,
  "train_time_s": 69.10604643821716
}