{
  "config_id": "M1024_k10_n0.005_e2000_lr5",
  "base_id": "M1024_k10_g0_b0p001",
  "memory_len": 1024,
  "k": 10,
  "gamma": 0.0,
  "beta": 0.001,
  "noise_std": 0.005,
  "lr": 0.005,
  "out_dim": 38,
  "epochs": 2000,
  "auc_roc": 0.9962951193671291,
  "auc_pr": 0.9021288961509577,
  "f1": 0.05808651612389343,
  "precision": 0.029911999999999994,
  "recall": 0.9999999999999933,
  "fpr": 0.9999999999999998,
  "acc": 0.029912,
  "best_threshold": 0.05808651612389343,
  "score_normal_mean": 35.980520679253885,
  "score_anomaly_mean": 253.73015726820992,
  "separation_ratio": 7.051875639304012,
  "train_time_s": 56.91691732406616
}