{
  "config_id": "M1024_k10_n0.001_e2000_lr10",
  "base_id": "M1024_k10_g0_b0p001",
  "memory_len": 1024,
  "k": 10,
  "gamma": 0.0,
  "beta": 0.001,
  "noise_std": 0.001,
  "lr": 0.01,
  "out_dim": 38,
  "epochs": 2000,
  "auc_roc": 0.9963816139892926,
  "auc_pr": 0.897891938015523,
  "f1": 0.05808651612389343,
  "precision": 0.029911999999999994,
  "recall": 0.9999999999999933,
  "fpr": 0.9999999999999998,
  "acc": 0.029912,
  "best_threshold": 0.05808651612389343,
  "score_normal_mean": 32.774338728526615,
  "score_anomaly_mean": 255.2644080393899,
  "separation_ratio": 7.78854487814365,
  "train_time_s": 52.755255460739136
}