{
  "config_id": "M1024_k5_n0.005_e10000_lr10",
  "base_id": "M1024_k5_g0_b0p001",
  "memory_len": 1024,
  "k": 5,
  "gamma": 0.0,
  "beta": 0.001,
  "noise_std": 0.005,
  "lr": 0.01,
  "out_dim": 38,
  "epochs": 10000,
  "auc_roc": 0.9964985863211525,
  "auc_pr": 0.9050656456814063,
  "f1": 0.05808651612389343,
  "precision": 0.029911999999999994,
  "recall": 0.9999999999999933,
  "fpr": 0.9999999999999998,
  "acc": 0.029912,
  "best_threshold": 0.05808651612389343,
  "score_normal_mean": 14.428496263025735,
  "score_anomaly_mean": 124.95062083801378,
  "separation_ratio": 8.659989132571251,
  "train_time_s": 84.03792333602905
}