{
  "config_id": "M256_k10_n0.005_e2000_lr10",
  "base_id": "M256_k10_g0_b0p001",
  "memory_len": 256,
  "k": 10,
  "gamma": 0.0,
  "beta": 0.001,
  "noise_std": 0.005,
  "lr": 0.01,
  "out_dim": 38,
  "epochs": 2000,
  "auc_roc": 0.9960147765448184,
  "auc_pr": 0.89669954634293,
  "f1": 0.05808651612389343,
  "precision": 0.029911999999999994,
  "recall": 0.9999999999999933,
  "fpr": 0.9999999999999998,
  "acc": 0.029912,
  "best_threshold": 0.05808651612389343,
  "score_normal_mean": 47.711022059335725,
  "score_anomaly_mean": 292.98161354967857,
  "separation_ratio": 6.140753245333928,
  "train_time_s": 37.17140078544617
}