{
  "config_id": "M256_k10_n0.0005_e5000_lr10",
  "base_id": "M256_k10_g0_b0p001",
  "memory_len": 256,
  "k": 10,
  "gamma": 0.0,
  "beta": 0.001,
  "noise_std": 0.0005,
  "lr": 0.01,
  "out_dim": 38,
  "epochs": 5000,
  "auc_roc": 0.9962375550314717,
  "auc_pr": 0.9043619753695011,
  "f1": 0.05808651612389343,
  "precision": 0.029911999999999994,
  "recall": 0.9999999999999933,
  "fpr": 0.9999999999999998,
  "acc": 0.029912,
  "best_threshold": 0.05808651612389343,
  "score_normal_mean": 43.578011566365674,
  "score_anomaly_mean": 296.69104089925685,
  "separation_ratio": 6.808273949047453,
  "train_time_s": 44.66993284225464
}