{
  "config_id": "M256_k10_n0.005_e5000_lr5",
  "base_id": "M256_k10_g0_b0p001",
  "memory_len": 256,
  "k": 10,
  "gamma": 0.0,
  "beta": 0.001,
  "noise_std": 0.005,
  "lr": 0.005,
  "out_dim": 38,
  "epochs": 5000,
  "auc_roc": 0.9960526527445626,
  "auc_pr": 0.8980976595267709,
  "f1": 0.05808651612389343,
  "precision": 0.029911999999999994,
  "recall": 0.9999999999999933,
  "fpr": 0.9999999999999998,
  "acc": 0.029912,
  "best_threshold": 0.05808651612389343,
  "score_normal_mean": 42.63011493348496,
  "score_anomaly_mean": 282.1541268711391,
  "separation_ratio": 6.61865742822222,
  "train_time_s": 55.29962968826294
}