{
  "config_id": "M1024_k3_g0_b0p001",
  "stage": 1,
  "memory_len": 1024,
  "k": 3,
  "gamma": 0.0,
  "beta": 0.001,
  "noise_std": 0.001,
  "lr": 0.01,
  "out_dim": 38,
  "epochs": 5000,
  "adam_betas": [
    0.9,
    0.999
  ],
  "auc_roc": 0.9964476680271459,
  "auc_pr": 0.903434310098997,
  "f1": 0.870101478121839,
  "precision": 0.8497227710152316,
  "recall": 0.8914816795934742,
  "fpr": 0.004861414634548618,
  "acc": 0.992038,
  "best_threshold": 47.1523116653289,
  "score_normal_mean": 8.647867700456786,
  "score_anomaly_mean": 76.2498490779468,
  "separation_ratio": 8.817184966176026,
  "train_time_s": 70.10341095924377
}