{
  "config_id": "M512_k5_g0_b0p001",
  "stage": 1,
  "memory_len": 512,
  "k": 5,
  "gamma": 0.0,
  "beta": 0.001,
  "noise_std": 0.001,
  "lr": 0.01,
  "out_dim": 38,
  "epochs": 5000,
  "adam_betas": [
    0.9,
    0.999
  ],
  "auc_roc": 0.995423354172357,
  "auc_pr": 0.8627732458232715,
  "f1": 0.819135147873218,
  "precision": 0.7320977253580455,
  "recall": 0.9296603369884996,
  "fpr": 0.0104897700002474,
  "acc": 0.98772,
  "best_threshold": 77.9163086929513,
  "score_normal_mean": 15.143265701372702,
  "score_anomaly_mean": 126.90166582440143,
  "separation_ratio": 8.380072589817802,
  "train_time_s": 49.29328179359436
}