{
  "config_id": "M256_k5_g0_b0p001",
  "stage": 1,
  "memory_len": 256,
  "k": 5,
  "gamma": 0.0,
  "beta": 0.001,
  "noise_std": 0.001,
  "lr": 0.01,
  "out_dim": 68,
  "epochs": 5000,
  "adam_betas": [
    0.9,
    0.999
  ],
  "auc_roc": 0.9960385547274786,
  "auc_pr": 0.8959429049340053,
  "f1": 0.8334624844176408,
  "precision": 0.84,
  "recall": 0.8270259427654453,
  "fpr": 0.00485729129728437,
  "acc": 0.990114,
  "best_threshold": 125.03953649650268,
  "score_normal_mean": 20.29412459502934,
  "score_anomaly_mean": 141.7818981114158,
  "separation_ratio": 6.986352007819178,
  "train_time_s": 67.77842473983765
}