{
  "config_id": "M256_k10_g0_b0p001",
  "stage": 1,
  "memory_len": 256,
  "k": 10,
  "gamma": 0.0,
  "beta": 0.001,
  "noise_std": 0.001,
  "lr": 0.01,
  "out_dim": 68,
  "epochs": 5000,
  "adam_betas": [
    0.9,
    0.999
  ],
  "auc_roc": 0.9962445705771856,
  "auc_pr": 0.9037517913999198,
  "f1": 0.8452585770670985,
  "precision": 0.8529992510383332,
  "recall": 0.8376571275742177,
  "fpr": 0.004451142576755923,
  "acc": 0.990826,
  "best_threshold": 254.15139304213787,
  "score_normal_mean": 43.91772000081687,
  "score_anomaly_mean": 289.5334062647711,
  "separation_ratio": 6.592632911257364,
  "train_time_s": 48.67985439300537
}