{
  "config_id": "M512_k10_g0_b0p001",
  "stage": 1,
  "memory_len": 512,
  "k": 10,
  "gamma": 0.0,
  "beta": 0.001,
  "noise_std": 0.001,
  "lr": 0.01,
  "out_dim": 68,
  "epochs": 5000,
  "adam_betas": [
    0.9,
    0.999
  ],
  "auc_roc": 0.9953991806389592,
  "auc_pr": 0.8657954577518066,
  "f1": 0.8192200963925806,
  "precision": 0.7273717516468696,
  "recall": 0.9376170098956941,
  "fpr": 0.010836130330444248,
  "acc": 0.987622,
  "best_threshold": 157.0039279113463,
  "score_normal_mean": 33.54534976626963,
  "score_anomaly_mean": 258.52130216619935,
  "separation_ratio": 7.706621155166685,
  "train_time_s": 47.816283226013184
}