{
  "stage": 1,
  "results": [
    {
      "config_id": "M1024_k10_g0_b0p001",
      "stage": 1,
      "memory_len": 1024,
      "k": 10,
      "gamma": 0.0,
      "beta": 0.001,
      "noise_std": 0.001,
      "lr": 0.01,
      "out_dim": 68,
      "epochs": 5000,
      "adam_betas": [
        0.9,
        0.999
      ],
      "auc_roc": 0.9965895621364087,
      "auc_pr": 0.9061355889415166,
      "f1": 0.8832770427292164,
      "precision": 0.8230640411156667,
      "recall": 0.9529954533297673,
      "fpr": 0.00631695268882823,
      "acc": 0.992466,
      "best_threshold": 144.89066103834602,
      "score_normal_mean": 29.24232896982853,
      "score_anomaly_mean": 256.81223762542305,
      "separation_ratio": 8.782208759445775,
      "train_time_s": 76.49463319778442
    },
    {
      "config_id": "M1024_k5_g0_b0p001",
      "stage": 1,
      "memory_len": 1024,
      "k": 5,
      "gamma": 0.0,
      "beta": 0.001,
      "noise_std": 0.001,
      "lr": 0.01,
      "out_dim": 68,
      "epochs": 5000,
      "adam_betas": [
        0.9,
        0.999
      ],
      "auc_roc": 0.9965487493408587,
      "auc_pr": 0.9056234727130752,
      "f1": 0.8744936786547195,
      "precision": 0.8081329401088929,
      "recall": 0.9527280021396095,
      "fpr": 0.006974624982475816,
      "acc": 0.99182,
      "best_threshold": 71.6644078547032,
      "score_normal_mean": 14.289320239070232,
      "score_anomaly_mean": 127.4667584371299,
      "separation_ratio": 8.920421426948426,
      "train_time_s": 85.9622118473053
    },
    {
      "config_id": "M256_k10_g0_b0p001",
      "stage": 1,
      "memory_len": 256,
      "k": 10,
      "gamma": 0.0,
      "beta": 0.001,
      "noise_std": 0.001,
      "lr": 0.01,
      "out_dim": 68,
      "epochs": 5000,
      "adam_betas": [
        0.9,
        0.999
      ],
      "auc_roc": 0.9962445705771856,
      "auc_pr": 0.9037517913999198,
      "f1": 0.8452585770670985,
      "precision": 0.8529992510383332,
      "recall": 0.8376571275742177,
      "fpr": 0.004451142576755923,
      "acc": 0.990826,
      "best_threshold": 254.15139304213787,
      "score_normal_mean": 43.91772000081687,
      "score_anomaly_mean": 289.5334062647711,
      "separation_ratio": 6.592632911257364,
      "train_time_s": 48.67985439300537
    },
    {
      "config_id": "M1024_k3_g0_b0p001",
      "stage": 1,
      "memory_len": 1024,
      "k": 3,
      "gamma": 0.0,
      "beta": 0.001,
      "noise_std": 0.001,
      "lr": 0.01,
      "out_dim": 68,
      "epochs": 5000,
      "adam_betas": [
        0.9,
        0.999
      ],
      "auc_roc": 0.9964476680271459,
      "auc_pr": 0.903434310098997,
      "f1": 0.870101478121839,
      "precision": 0.8497227710152316,
      "recall": 0.8914816795934742,
      "fpr": 0.004861414634548618,
      "acc": 0.992038,
      "best_threshold": 47.1523116653289,
      "score_normal_mean": 8.647867700456786,
      "score_anomaly_mean": 76.2498490779468,
      "separation_ratio": 8.817184966176026,
      "train_time_s": 72.01130723953247
    },
    {
      "config_id": "M256_k5_g0_b0p001",
      "stage": 1,
      "memory_len": 256,
      "k": 5,
      "gamma": 0.0,
      "beta": 0.001,
      "noise_std": 0.001,
      "lr": 0.01,
      "out_dim": 68,
      "epochs": 5000,
      "adam_betas": [
        0.9,
        0.999
      ],
      "auc_roc": 0.9960385547274786,
      "auc_pr": 0.8959429049340053,
      "f1": 0.8334624844176408,
      "precision": 0.84,
      "recall": 0.8270259427654453,
      "fpr": 0.00485729129728437,
      "acc": 0.990114,
      "best_threshold": 125.03953649650268,
      "score_normal_mean": 20.29412459502934,
      "score_anomaly_mean": 141.7818981114158,
      "separation_ratio": 6.986352007819178,
      "train_time_s": 67.77842473983765
    },
    {
      "config_id": "M256_k3_g0_b0p001",
      "stage": 1,
      "memory_len": 256,
      "k": 3,
      "gamma": 0.0,
      "beta": 0.001,
      "noise_std": 0.001,
      "lr": 0.01,
      "out_dim": 68,
      "epochs": 5000,
      "adam_betas": [
        0.9,
        0.999
      ],
      "auc_roc": 0.9959759146562834,
      "auc_pr": 0.8920353956333154,
      "f1": 0.8247600041289613,
      "precision": 0.8495782235769476,
      "recall": 0.8013506285102969,
      "fpr": 0.004374860837367331,
      "acc": 0.989814,
      "best_threshold": 75.13977974982717,
      "score_normal_mean": 11.496272387618152,
      "score_anomaly_mean": 83.87517916410165,
      "separation_ratio": 7.2958587215137545,
      "train_time_s": 60.157376766204834
    },
    {
      "config_id": "M512_k10_g0_b0p001",
      "stage": 1,
      "memory_len": 512,
      "k": 10,
      "gamma": 0.0,
      "beta": 0.001,
      "noise_std": 0.001,
      "lr": 0.01,
      "out_dim": 68,
      "epochs": 5000,
      "adam_betas": [
        0.9,
        0.999
      ],
      "auc_roc": 0.9953991806389592,
      "auc_pr": 0.8657954577518066,
      "f1": 0.8192200963925806,
      "precision": 0.7273717516468696,
      "recall": 0.9376170098956941,
      "fpr": 0.010836130330444248,
      "acc": 0.987622,
      "best_threshold": 157.0039279113463,
      "score_normal_mean": 33.54534976626963,
      "score_anomaly_mean": 258.52130216619935,
      "separation_ratio": 7.706621155166685,
      "train_time_s": 47.816283226013184
    },
    {
      "config_id": "M512_k5_g0_b0p001",
      "stage": 1,
      "memory_len": 512,
      "k": 5,
      "gamma": 0.0,
      "beta": 0.001,
      "noise_std": 0.001,
      "lr": 0.01,
      "out_dim": 68,
      "epochs": 5000,
      "adam_betas": [
        0.9,
        0.999
      ],
      "auc_roc": 0.995423354172357,
      "auc_pr": 0.8627732458232715,
      "f1": 0.819135147873218,
      "precision": 0.7320977253580455,
      "recall": 0.9296603369884996,
      "fpr": 0.0104897700002474,
      "acc": 0.98772,
      "best_threshold": 77.9163086929513,
      "score_normal_mean": 15.143265701372702,
      "score_anomaly_mean": 126.90166582440143,
      "separation_ratio": 8.380072589817802,
      "train_time_s": 57.65259122848511
    },
    {
      "config_id": "M512_k3_g0_b0p001",
      "stage": 1,
      "memory_len": 512,
      "k": 3,
      "gamma": 0.0,
      "beta": 0.001,
      "noise_std": 0.001,
      "lr": 0.01,
      "out_dim": 68,
      "epochs": 5000,
      "adam_betas": [
        0.9,
        0.999
      ],
      "auc_roc": 0.9954127511771036,
      "auc_pr": 0.8604748976711885,
      "f1": 0.8180906301628511,
      "precision": 0.7320485744456178,
      "recall": 0.927052687884461,
      "fpr": 0.010462968308029787,
      "acc": 0.987668,
      "best_threshold": 46.21735119699832,
      "score_normal_mean": 8.497297155134374,
      "score_anomaly_mean": 75.22118377918291,
      "separation_ratio": 8.852365923643326,
      "train_time_s": 48.991644859313965
    }
  ],
  "best": {
    "config_id": "M1024_k10_g0_b0p001",
    "stage": 1,
    "memory_len": 1024,
    "k": 10,
    "gamma": 0.0,
    "beta": 0.001,
    "noise_std": 0.001,
    "lr": 0.01,
    "out_dim": 68,
    "epochs": 5000,
    "adam_betas": [
      0.9,
      0.999
    ],
    "auc_roc": 0.9965895621364087,
    "auc_pr": 0.9061355889415166,
    "f1": 0.8832770427292164,
    "precision": 0.8230640411156667,
    "recall": 0.9529954533297673,
    "fpr": 0.00631695268882823,
    "acc": 0.992466,
    "best_threshold": 144.89066103834602,
    "score_normal_mean": 29.24232896982853,
    "score_anomaly_mean": 256.81223762542305,
    "separation_ratio": 8.782208759445775,
    "train_time_s": 76.49463319778442
  }
}