{
  "setup_A": {
    "name": "Normal Autoencoder",
    "n_runs": 1,
    "auc_roc_mean": 0.913380706865878,
    "auc_roc_std": 0.0,
    "auc_roc_min": 0.913380706865878,
    "auc_roc_max": 0.913380706865878,
    "auc_pr_mean": 0.6654384876185226,
    "auc_pr_std": 0.0,
    "auc_pr_min": 0.6654384876185226,
    "auc_pr_max": 0.6654384876185226,
    "f1_mean": 0.35888327690514515,
    "f1_std": 0.0,
    "f1_min": 0.35888327690514515,
    "f1_max": 0.35888327690514515,
    "precision_mean": 0.9984558369363805,
    "precision_std": 0.0,
    "precision_min": 0.9984558369363805,
    "precision_max": 0.9984558369363805,
    "recall_mean": 0.2187563434603153,
    "recall_std": 0.0,
    "recall_min": 0.2187563434603153,
    "recall_max": 0.2187563434603153,
    "separation_ratio_mean": 9358.0,
    "separation_ratio_std": 0.0,
    "separation_ratio_min": 9358.0,
    "separation_ratio_max": 9358.0,
    "time_mean": 5.728970527648926
  },
  "setup_B": {
    "name": "Denoise AE (raw features)",
    "n_runs": 1,
    "auc_roc_mean": 0.450776361935747,
    "auc_roc_std": 0.0,
    "auc_roc_min": 0.450776361935747,
    "auc_roc_max": 0.450776361935747,
    "auc_pr_mean": 0.035608420518945215,
    "auc_pr_std": 0.0,
    "auc_pr_min": 0.035608420518945215,
    "auc_pr_max": 0.035608420518945215,
    "f1_mean": 0.09725978466091749,
    "f1_std": 0.0,
    "f1_min": 0.09725978466091749,
    "f1_max": 0.09725978466091749,
    "precision_mean": 0.057267504747253804,
    "precision_std": 0.0,
    "precision_min": 0.057267504747253804,
    "precision_max": 0.057267504747253804,
    "recall_mean": 0.3224169429596048,
    "recall_std": 0.0,
    "recall_min": 0.3224169429596048,
    "recall_max": 0.3224169429596048,
    "separation_ratio_mean": 1.0118253231048584,
    "separation_ratio_std": 0.0,
    "separation_ratio_min": 1.0118253231048584,
    "separation_ratio_max": 1.0118253231048584,
    "time_mean": 95.77493190765381
  },
  "setup_C": {
    "name": "Denoise AE + Feature Engineering",
    "n_runs": 1,
    "auc_roc_mean": 0.9959140824304816,
    "auc_roc_std": 0.0,
    "auc_roc_min": 0.9959140824304816,
    "auc_roc_max": 0.9959140824304816,
    "auc_pr_mean": 0.9031476778470229,
    "auc_pr_std": 0.0,
    "auc_pr_min": 0.9031476778470229,
    "auc_pr_max": 0.9031476778470229,
    "f1_mean": 0.8592545396623128,
    "f1_std": 0.0,
    "f1_min": 0.8592545396623128,
    "f1_max": 0.8592545396623128,
    "precision_mean": 0.8118716513153934,
    "precision_std": 0.0,
    "precision_min": 0.8118716513153934,
    "precision_max": 0.8118716513153934,
    "recall_mean": 0.9125109953312132,
    "recall_std": 0.0,
    "recall_min": 0.9125109953312132,
    "recall_max": 0.9125109953312132,
    "separation_ratio_mean": 5.971107826655718,
    "separation_ratio_std": 0.0,
    "separation_ratio_min": 5.971107826655718,
    "separation_ratio_max": 5.971107826655718,
    "time_mean": 125.33986449241638
  },
  "setup_D": {
    "name": "Denoise AE + FE + ContextBeta",
    "n_runs": 1,
    "auc_roc_mean": 0.9959007998447895,
    "auc_roc_std": 0.0,
    "auc_roc_min": 0.9959007998447895,
    "auc_roc_max": 0.9959007998447895,
    "auc_pr_mean": 0.9032547927240084,
    "auc_pr_std": 0.0,
    "auc_pr_min": 0.9032547927240084,
    "auc_pr_max": 0.9032547927240084,
    "f1_mean": 0.8596988316194963,
    "f1_std": 0.0,
    "f1_min": 0.8596988316194963,
    "f1_max": 0.8596988316194963,
    "precision_mean": 0.8118085618085618,
    "precision_std": 0.0,
    "precision_min": 0.8118085618085618,
    "precision_max": 0.8118085618085618,
    "recall_mean": 0.9135936125583598,
    "recall_std": 0.0,
    "recall_min": 0.9135936125583598,
    "recall_max": 0.9135936125583598,
    "separation_ratio_mean": 5.995307072551385,
    "separation_ratio_std": 0.0,
    "separation_ratio_min": 5.995307072551385,
    "separation_ratio_max": 5.995307072551385,
    "time_mean": 119.29987835884094
  },
  "all_runs": {
    "A": [
      {
        "auc_roc": 0.913380706865878,
        "auc_pr": 0.6654384876185226,
        "precision": 0.9984558369363805,
        "recall": 0.2187563434603153,
        "f1": 0.35888327690514515,
        "fpr": 1.0304582860181237e-05,
        "acc": 0.976898,
        "tp": 3233,
        "fp": 5,
        "tn": 485216,
        "fn": 11546,
        "threshold": 14.584377937128226,
        "score_normal_mean": 0.0026621168944984674,
        "score_anomaly_mean": 24.912090301513672,
        "score_normal_std": 0.1764025092124939,
        "score_anomaly_std": 92.32347869873047,
        "separation_ratio": 9358.0,
        "setup": "A",
        "description": "Normal Autoencoder (no noise, no memory)",
        "config": {
          "d": 7,
          "out_dim": 14,
          "epochs": 1000,
          "lr": 0.01
        },
        "run": 0,
        "seed": 42,
        "time_s": 5.728970527648926
      }
    ],
    "B": [
      {
        "auc_roc": 0.450776361935747,
        "auc_pr": 0.035608420518945215,
        "precision": 0.057267504747253804,
        "recall": 0.3224169429596048,
        "f1": 0.09725978466091749,
        "fpr": 0.1616603568270953,
        "acc": 0.82309,
        "tp": 4765,
        "fp": 78441,
        "tn": 406780,
        "fn": 10014,
        "threshold": 30.36139797804943,
        "score_normal_mean": 30.604633331298828,
        "score_anomaly_mean": 30.966541290283203,
        "score_normal_std": 3.2358994483947754,
        "score_anomaly_std": 4.10107421875,
        "separation_ratio": 1.0118253231048584,
        "setup": "B",
        "description": "Denoise Autoencoder (raw features)",
        "config": {
          "d": 7,
          "out_dim": 14,
          "noise_std": 0.001,
          "epochs": 1000,
          "lr": 0.01,
          "k": 10
        },
        "run": 0,
        "seed": 42,
        "time_s": 95.77493190765381
      }
    ],
    "C": [
      {
        "auc_roc": 0.9959140824304816,
        "auc_pr": 0.9031476778470229,
        "precision": 0.8118716513153934,
        "recall": 0.9125109953312132,
        "f1": 0.8592545396623128,
        "fpr": 0.006440364287613273,
        "acc": 0.991164,
        "tp": 13486,
        "fp": 3125,
        "tn": 482096,
        "fn": 1293,
        "threshold": 324.35895553665546,
        "score_normal_mean": 86.99277821122466,
        "score_anomaly_mean": 519.4432588395686,
        "score_normal_std": 60.45844668405756,
        "score_anomaly_std": 157.29105974604906,
        "separation_ratio": 5.971107826655718,
        "setup": "C",
        "description": "Denoise AE + Feature Engineering (streaming memory)",
        "config": {
          "config_id": "M2048_k10_od76_n0.001_e1000_lr10",
          "memory_len": 2048,
          "k": 10,
          "gamma": 0.0,
          "beta": 0.001,
          "noise_std": 0.001,
          "lr": 0.01,
          "out_dim": 76,
          "epochs": 1000,
          "adam_betas": [
            0.9,
            0.999
          ],
          "auc_roc": 0.9967826982089711,
          "auc_pr": 0.9162873498801685,
          "f1": null,
          "precision": 0.029912,
          "recall": 1.0,
          "fpr": 1.0,
          "acc": 0.029912,
          "best_threshold": 0.05808651612389343,
          "score_normal_mean": 68.13493494955597,
          "score_anomaly_mean": 515.7138178027801,
          "separation_ratio": 7.569007267473498,
          "train_time_s": 124.06132650375366,
          "stage": 3,
          "source": "stage3/summary.json",
          "seed": 42
        },
        "run": 0,
        "seed": 42,
        "time_s": 125.33986449241638
      }
    ],
    "D": [
      {
        "auc_roc": 0.9959007998447895,
        "auc_pr": 0.9032547927240084,
        "precision": 0.8118085618085618,
        "recall": 0.9135936125583598,
        "f1": 0.8596988316194963,
        "fpr": 0.006450668870473454,
        "acc": 0.991186,
        "tp": 13502,
        "fp": 3130,
        "tn": 482091,
        "fn": 1277,
        "threshold": 323.83090175456135,
        "score_normal_mean": 86.59986810226196,