{
  "experiment": "MemStream v4 Full 3-Stage Grid Search",
  "stages_completed": [1, 2, 3],
  "stage1": {
    "n_configs": 9,
    "best": {
      "config_id": "M1024_k10_g0_b0p001",
      "memory_len": 1024, "k": 10, "gamma": 0.0, "beta": 0.001,
      "noise_std": 0.001, "lr": 0.01, "out_dim": 38, "epochs": 5000,
      "auc_roc": 0.9966, "auc_pr": 0.9061, "f1": 0.8833
    }
  },
  "stage2": {
    "n_configs": 36,
    "best": {
      "config_id": "M1024_k10_g0_b0p001_e1000_lr10_n0.001",
      "memory_len": 1024, "k": 10, "gamma": 0.0, "beta": 0.001,
      "noise_std": 0.001, "lr": 0.01, "out_dim": 38, "epochs": 1000,
      "auc_roc": 0.9962, "auc_pr": 0.8965, "f1": 0.8680
    }
  },
  "stage3": {
    "n_configs": 27,
    "best": {
      "config_id": "M2048_k10_od76_n0.001_e1000_lr10",
      "memory_len": 2048, "k": 10, "gamma": 0.0, "beta": 0.001,
      "noise_std": 0.001, "lr": 0.01, "out_dim": 76, "epochs": 1000,
      "auc_roc": 0.9968, "auc_pr": 0.9163, "f1": null,
      "note": "F1 threshold optimization has a bug in stage3 script; AUC-PR/AUC-ROC are correct"
    }
  },
  "best_config": {
    "config_id": "M2048_k10_od76_n0.001_e1000_lr10",
    "memory_len": 2048,
    "k": 10,
    "gamma": 0.0,
    "beta": 0.001,
    "noise_std": 0.001,
    "lr": 0.01,
    "out_dim": 76,
    "epochs": 1000,
    "adam_betas": [0.9, 0.999],
    "auc_roc": 0.9967826982089711,
    "auc_pr": 0.9162873498801685,
    "f1": null,
    "precision": 0.029912,
    "recall": 1.0,
    "fpr": 1.0,
    "acc": 0.029912,
    "best_threshold": 0.05808651612389343,
    "score_normal_mean": 68.13493494955597,
    "score_anomaly_mean": 515.7138178027801,
    "separation_ratio": 7.569007267473498,
    "train_time_s": 124.06132650375366,
    "stage": 3,
    "source": "stage3/summary.json"
  }
}
