{
  "version": "1.0",
  "percentile": 95,
  "global_threshold": 0.950190435880176,
  "thresholds": {
    "short_night_weekday_zone_high_volume_1": 0.94385363399863,
    "short_night_weekday_zone_medium_volume": 0.9502473620991184,
    "short_night_weekday_zone_high_volume_2": 0.947519970285429,
    "short_night_weekday_zone_airports": 0.9238086313194253,
    "short_night_weekday_zone_low_volume_2": 0.9490507351898972,
    "short_night_weekday_zone_low_volume_1": 0.9506060091797023,
    "short_night_weekend_zone_high_volume_1": 0.9352035284471796,
    "short_night_weekend_zone_medium_volume": 0.9506178171887512,
    "short_night_weekend_zone_high_volume_2": 0.9437676454843642,
    "short_night_weekend_zone_low_volume_2": 0.9513870130100635,
    "short_night_weekend_zone_low_volume_1": 0.9482801542105936,
    "short_morning_weekday_zone_high_volume_1": 0.9486576019791223,
    "short_morning_weekday_zone_medium_volume": 0.9508755340034779,
    "short_morning_weekday_zone_high_volume_2": 0.9504298119790792,
    "short_morning_weekday_zone_airports": 0.9517371032287096,
    "short_morning_weekday_zone_low_volume_2": 0.949907519722383,
    "short_morning_weekday_zone_low_volume_1": 0.9493775680379786,
    "short_morning_weekend_zone_high_volume_1": 0.951446834440877,
    "short_morning_weekend_zone_medium_volume": 0.9498754036177046,
    "short_morning_weekend_zone_high_volume_2": 0.9483886192098054,
    "short_morning_weekend_zone_airports": 0.9494660366077533,
    "short_morning_weekend_zone_low_volume_2": 0.9509259885551233,
    "short_morning_weekend_zone_low_volume_1": 0.9508045351465446,
    "short_afternoon_weekday_zone_high_volume_1": 0.950511612592746,
    "short_afternoon_weekday_zone_medium_volume": 0.9498127193127368,
    "short_afternoon_weekday_zone_high_volume_2": 0.9503211707554774,
    "short_afternoon_weekday_zone_airports": 0.9519882572342064,
    "short_afternoon_weekday_zone_low_volume_2": 0.9504731308274703,
    "short_afternoon_weekday_zone_low_volume_1": 0.949795049444708,
    "short_afternoon_weekend_zone_high_volume_1": 0.9500261580858422,
    "short_afternoon_weekend_zone_medium_volume": 0.9516367099387788,
    "short_afternoon_weekend_zone_high_volume_2": 0.9520603216217663,
    "short_afternoon_weekend_zone_airports": 0.9179261412606281,
    "short_afternoon_weekend_zone_low_volume_2": 0.9503916636032431,
    "short_afternoon_weekend_zone_low_volume_1": 0.9494153732778862,
    "short_evening_weekday_zone_high_volume_1": 0.9506799108386651,
    "short_evening_weekday_zone_medium_volume": 0.9509903794342502,
    "short_evening_weekday_zone_high_volume_2": 0.9488268164285129,
    "short_evening_weekday_zone_airports": 0.9466274624846298,
    "short_evening_weekday_zone_low_volume_2": 0.9509948725580508,
    "short_evening_weekday_zone_low_volume_1": 0.949959707439217,
    "short_evening_weekend_zone_high_volume_1": 0.9517396505760913,
    "short_evening_weekend_zone_medium_volume": 0.9519819779680372,
    "short_evening_weekend_zone_high_volume_2": 0.9486621321802123,
    "short_evening_weekend_zone_airports": 0.9448268000357302,
    "short_evening_weekend_zone_low_volume_2": 0.9490349076086401,
    "short_evening_weekend_zone_low_volume_1": 0.9499530438760712,
    "medium_night_weekday_zone_high_volume_1": 0.948365797777552,
    "medium_night_weekday_zone_medium_volume": 0.9502730755575913,
    "medium_night_weekday_zone_high_volume_2": 0.9450428170751515,
    "medium_night_weekday_zone_airports": 0.9411799590721223,
    "medium_night_weekday_zone_low_volume_2": 0.9524165089817497,
    "medium_night_weekday_zone_low_volume_1": 0.953095758618013,
    "medium_night_weekend_zone_high_volume_1": 0.957445466698995,
    "medium_night_weekend_zone_medium_volume": 0.9505229156491631,
    "medium_night_weekend_zone_high_volume_2": 0.9416558347737645,
    "medium_night_weekend_zone_airports": 0.9542150139971668,
    "medium_night_weekend_zone_low_volume_2": 0.9493466642243807,
    "medium_night_weekend_zone_low_volume_1": 0.9496385817368713,
    "medium_morning_weekday_zone_high_volume_1": 0.948786126091572,
    "medium_morning_weekday_zone_medium_volume": 0.9513314896531657,
    "medium_morning_weekday_zone_high_volume_2": 0.9528617740164037,
    "medium_morning_weekday_zone_airports": 0.9554932294286572,
    "medium_morning_weekday_zone_low_volume_2": 0.9480099459034025,
    "medium_morning_weekday_zone_low_volume_1": 0.9492708035483771,
    "medium_morning_weekend_zone_high_volume_1": 0.9472444720241878,
    "medium_morning_weekend_zone_medium_volume": 0.9456688387441384,
    "medium_morning_weekend_zone_high_volume_2": 0.9524944211700515,
    "medium_morning_weekend_zone_airports": 0.9568800212612585,
    "medium_morning_weekend_zone_low_volume_2": 0.9538514686222632,
    "medium_morning_weekend_zone_low_volume_1": 0.9536715277034177,
    "medium_afternoon_weekday_zone_high_volume_1": 0.9491713001599738,
    "medium_afternoon_weekday_zone_medium_volume": 0.9493067685251207,
    "medium_afternoon_weekday_zone_high_volume_2": 0.9495236530083425,
    "medium_afternoon_weekday_zone_airports": 0.9506780597852442,
    "medium_afternoon_weekday_zone_low_volume_2": 0.9516370132921477,
    "medium_afternoon_weekday_zone_low_volume_1": 0.9499025331556133,
    "medium_afternoon_weekend_zone_high_volume_1": 0.9521778831960137,
    "medium_afternoon_weekend_zone_medium_volume": 0.9484023022312734,
    "medium_afternoon_weekend_zone_high_volume_2": 0.9519180520486658,
    "medium_afternoon_weekend_zone_airports": 0.9543260999750479,
    "medium_afternoon_weekend_zone_low_volume_2": 0.9495004579401864,
    "medium_afternoon_weekend_zone_low_volume_1": 0.9490381427656036,
    "medium_evening_weekday_zone_high_volume_1": 0.9522326840321605,
    "medium_evening_weekday_zone_medium_volume": 0.9502124628008284,
    "medium_evening_weekday_zone_high_volume_2": 0.9496261777643279,
    "medium_evening_weekday_zone_airports": 0.9525056703411119,
    "medium_evening_weekday_zone_low_volume_2": 0.951181789709586,
    "medium_evening_weekday_zone_low_volume_1": 0.9489964734001773,
    "medium_evening_weekend_zone_high_volume_1": 0.9486281011009924,
    "medium_evening_weekend_zone_medium_volume": 0.9549320976029848,
    "medium_evening_weekend_zone_high_volume_2": 0.9472622411143913,
    "medium_evening_weekend_zone_airports": 0.9474134572003281,
    "medium_evening_weekend_zone_low_volume_2": 0.9469548697702111,
    "medium_evening_weekend_zone_low_volume_1": 0.9471648558736085
  }
}