{
  "config_id": "M1024_k5_g0_b0p001_e1000_lr5_n0.001",
  "stage": 2,
  "base_id": "M1024_k5_g0_b0p001",
  "memory_len": 1024,
  "k": 5,
  "gamma": 0.0,
  "beta": 0.001,
  "noise_std": 0.001,
  "lr": 0.005,
  "out_dim": 38,
  "epochs": 1000,
  "adam_betas": [
    0.9,
    0.999
  ],
  "auc_roc": 0.9954442328405742,
  "auc_pr": 0.8907256290934976,
  "f1": 0.8530759162303665,
  "precision": 0.8353627275057678,
  "recall": 0.8715565659267184,
  "fpr": 0.005296426715926802,
  "acc": 0.99102,
  "best_threshold": 91.13963576417473,
  "score_normal_mean": 21.767437019599793,
  "score_anomaly_mean": 129.5119583553157,
  "separation_ratio": 5.949802828817228,
  "train_time_s": 56.772586822509766
}