{
  "config_id": "M1024_k5_g0_b0p001_e500_lr5_n0.001",
  "stage": 2,
  "base_id": "M1024_k5_g0_b0p001",
  "memory_len": 1024,
  "k": 5,
  "gamma": 0.0,
  "beta": 0.001,
  "noise_std": 0.001,
  "lr": 0.005,
  "out_dim": 38,
  "epochs": 500,
  "adam_betas": [
    0.9,
    0.999
  ],
  "auc_roc": 0.9930765019458898,
  "auc_pr": 0.8587465073106864,
  "f1": 0.8055022169465488,
  "precision": 0.8428435741944911,
  "recall": 0.7713292324150842,
  "fpr": 0.004434649227698931,
  "acc": 0.988858,
  "best_threshold": 105.05850288017312,
  "score_normal_mean": 24.993965006665718,
  "score_anomaly_mean": 129.13472928507312,
  "separation_ratio": 5.166636396051358,
  "train_time_s": 57.31254982948303
}