{
  "config_id": "M1024_k10_g0_b0p001_e500_lr10_n0.001",
  "stage": 2,
  "base_id": "M1024_k10_g0_b0p001",
  "memory_len": 1024,
  "k": 10,
  "gamma": 0.0,
  "beta": 0.001,
  "noise_std": 0.001,
  "lr": 0.01,
  "out_dim": 38,
  "epochs": 500,
  "adam_betas": [
    0.9,
    0.999
  ],
  "auc_roc": 0.995668511192536,
  "auc_pr": 0.8842716937808603,
  "f1": 0.8596173477788388,
  "precision": 0.8469275193043929,
  "recall": 0.872693233484889,
  "fpr": 0.004863476303180742,
  "acc": 0.991474,
  "best_threshold": 190.38021526624212,
  "score_normal_mean": 45.386847360717624,
  "score_anomaly_mean": 260.80372124860935,
  "separation_ratio": 5.74624007646619,
  "train_time_s": 54.980889558792114
}