{
  "config_id": "M1024_k5_g0_b0p001_e1000_lr10_n0.001",
  "stage": 2,
  "base_id": "M1024_k5_g0_b0p001",
  "memory_len": 1024,
  "k": 5,
  "gamma": 0.0,
  "beta": 0.001,
  "noise_std": 0.001,
  "lr": 0.01,
  "out_dim": 38,
  "epochs": 1000,
  "adam_betas": [
    0.9,
    0.999
  ],
  "auc_roc": 0.9959923683737726,
  "auc_pr": 0.8951344318842225,
  "f1": 0.8605575115475307,
  "precision": 0.8324064237955383,
  "recall": 0.8906793260230008,
  "fpr": 0.005529395271356825,
  "acc": 0.991366,
  "best_threshold": 85.52608268943864,
  "score_normal_mean": 18.698160327841155,
  "score_anomaly_mean": 131.3074823134275,
  "separation_ratio": 7.022481357051662,
  "train_time_s": 56.9465491771698
}