{
  "config_id": "M1024_k5_g0_b0p001_e500_lr10_n0.001",
  "stage": 2,
  "base_id": "M1024_k5_g0_b0p001",
  "memory_len": 1024,
  "k": 5,
  "gamma": 0.0,
  "beta": 0.001,
  "noise_std": 0.001,
  "lr": 0.01,
  "out_dim": 38,
  "epochs": 500,
  "adam_betas": [
    0.9,
    0.999
  ],
  "auc_roc": 0.9953474681972533,
  "auc_pr": 0.8802595736579921,
  "f1": 0.8488807194905796,
  "precision": 0.8337201805286911,
  "recall": 0.8646028349826157,
  "fpr": 0.0053170434022480435,
  "acc": 0.990792,
  "best_threshold": 94.16806112701569,
  "score_normal_mean": 21.949606705938404,
  "score_anomaly_mean": 128.64727050769008,
  "separation_ratio": 5.861028501840305,
  "train_time_s": 56.17505669593811
}