{
  "config_id": "M1024_k10_g0_b0p001_e1000_lr5_n0.001",
  "stage": 2,
  "base_id": "M1024_k10_g0_b0p001",
  "memory_len": 1024,
  "k": 10,
  "gamma": 0.0,
  "beta": 0.001,
  "noise_std": 0.001,
  "lr": 0.005,
  "out_dim": 38,
  "epochs": 1000,
  "adam_betas": [
    0.9,
    0.999
  ],
  "auc_roc": 0.9958051230685604,
  "auc_pr": 0.8937367028199437,
  "f1": 0.864406779661017,
  "precision": 0.8464052287581699,
  "recall": 0.8831906926985825,
  "fpr": 0.004941819711201458,
  "acc": 0.991712,
  "best_threshold": 183.62852117643885,
  "score_normal_mean": 44.031464916379335,
  "score_anomaly_mean": 262.6256165297856,
  "separation_ratio": 5.9644987290007485,
  "train_time_s": 55.509992599487305
}