{
  "config_id": "M1024_k3_g0_b0p001_e1000_lr10_n0.001",
  "stage": 2,
  "base_id": "M1024_k3_g0_b0p001",
  "memory_len": 1024,
  "k": 3,
  "gamma": 0.0,
  "beta": 0.001,
  "noise_std": 0.001,
  "lr": 0.01,
  "out_dim": 38,
  "epochs": 1000,
  "adam_betas": [
    0.9,
    0.999
  ],
  "auc_roc": 0.9959438711205646,
  "auc_pr": 0.8947036755882507,
  "f1": 0.8591299867984673,
  "precision": 0.8285820756474753,
  "recall": 0.8920165819737897,
  "fpr": 0.005690205424662505,
  "acc": 0.99125,
  "best_threshold": 50.31192041521695,
  "score_normal_mean": 10.744589460650012,
  "score_anomaly_mean": 78.12698540505193,
  "separation_ratio": 7.2712862311935655,
  "train_time_s": 54.59795546531677
}