{
  "config_id": "M1024_k3_g0_b0p001_e500_lr5_n0.001",
  "stage": 2,
  "base_id": "M1024_k3_g0_b0p001",
  "memory_len": 1024,
  "k": 3,
  "gamma": 0.0,
  "beta": 0.001,
  "noise_std": 0.001,
  "lr": 0.005,
  "out_dim": 38,
  "epochs": 500,
  "adam_betas": [
    0.9,
    0.999
  ],
  "auc_roc": 0.9905289550452775,
  "auc_pr": 0.852884683134085,
  "f1": 0.795532766734565,
  "precision": 0.8378458351827194,
  "recall": 0.7572880449317999,
  "fpr": 0.004519177641616018,
  "acc": 0.988356,
  "best_threshold": 62.55747109202285,
  "score_normal_mean": 14.23890960619192,
  "score_anomaly_mean": 76.43197460720073,
  "separation_ratio": 5.367824975443597,
  "train_time_s": 52.208916425704956
}