{
  "config_id": "M1024_k3_g0_b0p001_e1000_lr5_n0.001",
  "stage": 2,
  "base_id": "M1024_k3_g0_b0p001",
  "memory_len": 1024,
  "k": 3,
  "gamma": 0.0,
  "beta": 0.001,
  "noise_std": 0.001,
  "lr": 0.005,
  "out_dim": 38,
  "epochs": 1000,
  "adam_betas": [
    0.9,
    0.999
  ],
  "auc_roc": 0.9950170556789636,
  "auc_pr": 0.8889664544671819,
  "f1": 0.8505928334482872,
  "precision": 0.8359047188690207,
  "recall": 0.8658063653383258,
  "fpr": 0.005240761662859452,
  "acc": 0.990902,
  "best_threshold": 54.32051198746092,
  "score_normal_mean": 12.421123920164558,
  "score_anomaly_mean": 76.949090495056,
  "separation_ratio": 6.195018340501071,
  "train_time_s": 53.45335364341736
}