{
  "config_id": "M256_k3_g0_b0p001_e500_lr5_n0.001",
  "stage": 2,
  "base_id": "M256_k3_g0_b0p001",
  "memory_len": 256,
  "k": 3,
  "gamma": 0.0,
  "beta": 0.001,
  "noise_std": 0.001,
  "lr": 0.005,
  "out_dim": 38,
  "epochs": 500,
  "adam_betas": [
    0.9,
    0.999
  ],
  "auc_roc": 0.9936479828161006,
  "auc_pr": 0.8483483706421753,
  "f1": 0.7974346160253206,
  "precision": 0.6818440793846738,
  "recall": 0.9602166354640278,
  "fpr": 0.013815241503863568,
  "acc": 0.985408,
  "best_threshold": 57.78859982658271,
  "score_normal_mean": 17.652566663154875,
  "score_anomaly_mean": 84.6791074521467,
  "separation_ratio": 4.796985564081864,
  "train_time_s": 27.35735011100769
}