{
  "config_id": "M256_k10_g0_b0p001_e500_lr10_n0.001",
  "stage": 2,
  "base_id": "M256_k10_g0_b0p001",
  "memory_len": 256,
  "k": 10,
  "gamma": 0.0,
  "beta": 0.001,
  "noise_std": 0.001,
  "lr": 0.01,
  "out_dim": 38,
  "epochs": 500,
  "adam_betas": [
    0.9,
    0.999
  ],
  "auc_roc": 0.9954875159579162,
  "auc_pr": 0.8909139127766654,
  "f1": 0.8066471917543957,
  "precision": 0.6861228316924519,
  "recall": 0.9785370419898368,
  "fpr": 0.013802871492070823,
  "acc": 0.985968,
  "best_threshold": 196.03941753042403,
  "score_normal_mean": 60.51080804397456,
  "score_anomaly_mean": 297.2537422588274,
  "separation_ratio": 4.912407417246956,
  "train_time_s": 30.81506323814392
}