{
  "config_id": "M256_k3_g0_b0p001_e1000_lr10_n0.001",
  "stage": 2,
  "base_id": "M256_k3_g0_b0p001",
  "memory_len": 256,
  "k": 3,
  "gamma": 0.0,
  "beta": 0.001,
  "noise_std": 0.001,
  "lr": 0.01,
  "out_dim": 38,
  "epochs": 1000,
  "adam_betas": [
    0.9,
    0.999
  ],
  "auc_roc": 0.995567715363962,
  "auc_pr": 0.8893481307801657,
  "f1": 0.8076242115746375,
  "precision": 0.6887976594941487,
  "recall": 0.9759962556833378,
  "fpr": 0.013596704628858413,
  "acc": 0.986092,
  "best_threshold": 53.93072571946149,
  "score_normal_mean": 13.595252680814484,
  "score_anomaly_mean": 85.12501369787748,
  "separation_ratio": 6.261377827718144,
  "train_time_s": 29.38689661026001
}