{
  "config_id": "M256_k3_g0_b0p001_e1000_lr5_n0.001",
  "stage": 2,
  "base_id": "M256_k3_g0_b0p001",
  "memory_len": 256,
  "k": 3,
  "gamma": 0.0,
  "beta": 0.001,
  "noise_std": 0.001,
  "lr": 0.005,
  "out_dim": 38,
  "epochs": 1000,
  "adam_betas": [
    0.9,
    0.999
  ],
  "auc_roc": 0.9947623296683727,
  "auc_pr": 0.8649907068609639,
  "f1": 0.8035028591950054,
  "precision": 0.6846019865367415,
  "recall": 0.9723856646162076,
  "fpr": 0.013813179835231443,
  "acc": 0.985774,
  "best_threshold": 54.803335831991994,
  "score_normal_mean": 15.244336753367705,
  "score_anomaly_mean": 84.90235088259882,
  "separation_ratio": 5.56943553899402,
  "train_time_s": 29.140830039978027
}