{
  "config_id": "M256_k3_g0_b0p001_e500_lr10_n0.001",
  "stage": 2,
  "base_id": "M256_k3_g0_b0p001",
  "memory_len": 256,
  "k": 3,
  "gamma": 0.0,
  "beta": 0.001,
  "noise_std": 0.001,
  "lr": 0.01,
  "out_dim": 38,
  "epochs": 500,
  "adam_betas": [
    0.9,
    0.999
  ],
  "auc_roc": 0.9951666517526987,
  "auc_pr": 0.8837111383555923,
  "f1": 0.8020301752828932,
  "precision": 0.685260663507109,
  "recall": 0.9667691896228938,
  "fpr": 0.013691541385936121,
  "acc": 0.985724,
  "best_threshold": 55.517944558781,
  "score_normal_mean": 15.369732019960477,
  "score_anomaly_mean": 86.4279264282753,
  "separation_ratio": 5.623255260145879,
  "train_time_s": 30.66439962387085
}