{
  "config_id": "M256_k5_g0_b0p001_e1000_lr5_n0.001",
  "stage": 2,
  "base_id": "M256_k5_g0_b0p001",
  "memory_len": 256,
  "k": 5,
  "gamma": 0.0,
  "beta": 0.001,
  "noise_std": 0.001,
  "lr": 0.005,
  "out_dim": 38,
  "epochs": 1000,
  "adam_betas": [
    0.9,
    0.999
  ],
  "auc_roc": 0.9949571433624418,
  "auc_pr": 0.8695194512603333,
  "f1": 0.8063873360270106,
  "precision": 0.687930871659269,
  "recall": 0.9741240973522333,
  "fpr": 0.01362556798970815,
  "acc": 0.986008,
  "best_threshold": 94.31642044489108,
  "score_normal_mean": 26.599352848665383,
  "score_anomaly_mean": 143.36218266450138,
  "separation_ratio": 5.389686864945459,
  "train_time_s": 30.956405639648438
}