{
  "config_id": "M512_k10_g0_b0p001_e1000_lr5_n0.001",
  "stage": 2,
  "base_id": "M512_k10_g0_b0p001",
  "memory_len": 512,
  "k": 10,
  "gamma": 0.0,
  "beta": 0.001,
  "noise_std": 0.001,
  "lr": 0.005,
  "out_dim": 38,
  "epochs": 1000,
  "adam_betas": [
    0.9,
    0.999
  ],
  "auc_roc": 0.9947921811303697,
  "auc_pr": 0.8622705596072742,
  "f1": 0.8029947152084557,
  "precision": 0.7158186767169179,
  "recall": 0.9143487563519658,
  "fpr": 0.011192799003801717,
  "acc": 0.98658,
  "best_threshold": 180.5966524143315,
  "score_normal_mean": 47.17162508618141,
  "score_anomaly_mean": 260.81668393590866,
  "separation_ratio": 5.529101095402224,
  "train_time_s": 39.767711877822876
}