{
  "config_id": "M512_k5_g0_b0p001_e1000_lr10_n0.001",
  "stage": 2,
  "base_id": "M512_k5_g0_b0p001",
  "memory_len": 512,
  "k": 5,
  "gamma": 0.0,
  "beta": 0.001,
  "noise_std": 0.001,
  "lr": 0.01,
  "out_dim": 38,
  "epochs": 1000,
  "adam_betas": [
    0.9,
    0.999
  ],
  "auc_roc": 0.9952096939101069,
  "auc_pr": 0.8708609643457395,
  "f1": 0.8027963212331318,
  "precision": 0.7023612573319297,
  "recall": 0.9367477935276812,
  "fpr": 0.012240126668920758,
  "acc": 0.986234,
  "best_threshold": 81.33171597437642,
  "score_normal_mean": 19.35506899947172,
  "score_anomaly_mean": 128.00830157372556,
  "separation_ratio": 6.6136835563448235,
  "train_time_s": 41.436697006225586
}