{
  "config_id": "M512_k10_g0_b0p001_e500_lr10_n0.001",
  "stage": 2,
  "base_id": "M512_k10_g0_b0p001",
  "memory_len": 512,
  "k": 10,
  "gamma": 0.0,
  "beta": 0.001,
  "noise_std": 0.001,
  "lr": 0.01,
  "out_dim": 38,
  "epochs": 500,
  "adam_betas": [
    0.9,
    0.999
  ],
  "auc_roc": 0.99453785715619,
  "auc_pr": 0.8567224729143971,
  "f1": 0.7933646668509814,
  "precision": 0.67634580937117,
  "recall": 0.959347419096015,
  "fpr": 0.014155416828164043,
  "acc": 0.985052,
  "best_threshold": 157.20958587033067,
  "score_normal_mean": 49.657980790494,
  "score_anomaly_mean": 260.25029445211015,
  "separation_ratio": 5.240855353142545,
  "train_time_s": 36.097919940948486
}