{
  "config_id": "M512_k3_g0_b0p001_e1000_lr10_n0.001",
  "stage": 2,
  "base_id": "M512_k3_g0_b0p001",
  "memory_len": 512,
  "k": 3,
  "gamma": 0.0,
  "beta": 0.001,
  "noise_std": 0.001,
  "lr": 0.01,
  "out_dim": 38,
  "epochs": 1000,
  "adam_betas": [
    0.9,
    0.999
  ],
  "auc_roc": 0.9951670105045454,
  "auc_pr": 0.8689840528245165,
  "f1": 0.8021119788802112,
  "precision": 0.6812406576980568,
  "recall": 0.975127039315325,
  "fpr": 0.014068826745614832,
  "acc": 0.985608,
  "best_threshold": 40.601379777917906,
  "score_normal_mean": 10.810326611089002,
  "score_anomaly_mean": 75.84252852448553,
  "separation_ratio": 7.015748113168745,
  "train_time_s": 36.53122854232788
}