{
  "config_id": "M512_k3_g0_b0p001_e500_lr5_n0.001",
  "stage": 2,
  "base_id": "M512_k3_g0_b0p001",
  "memory_len": 512,
  "k": 3,
  "gamma": 0.0,
  "beta": 0.001,
  "noise_std": 0.001,
  "lr": 0.005,
  "out_dim": 38,
  "epochs": 500,
  "adam_betas": [
    0.9,
    0.999
  ],
  "auc_roc": 0.9927954293513317,
  "auc_pr": 0.8220797460733265,
  "f1": 0.7870196034998339,
  "precision": 0.6716446124763705,
  "recall": 0.9502540786306499,
  "fpr": 0.014324473655998218,
  "acc": 0.984616,
  "best_threshold": 46.29822451684942,
  "score_normal_mean": 14.450833369428592,
  "score_anomaly_mean": 74.61629409055462,
  "separation_ratio": 5.1634595862415,
  "train_time_s": 34.77788186073303
}