{
  "config_id": "M512_k5_g0_b0p001_e1000_lr5_n0.001",
  "stage": 2,
  "base_id": "M512_k5_g0_b0p001",
  "memory_len": 512,
  "k": 5,
  "gamma": 0.0,
  "beta": 0.001,
  "noise_std": 0.001,
  "lr": 0.005,
  "out_dim": 38,
  "epochs": 1000,
  "adam_betas": [
    0.9,
    0.999
  ],
  "auc_roc": 0.9947034342634249,
  "auc_pr": 0.8583345223095636,
  "f1": 0.801157822191592,
  "precision": 0.6815985740419345,
  "recall": 0.9715833110457341,
  "fpr": 0.013994606674858363,
  "acc": 0.985574,
  "best_threshold": 74.10706819122161,
  "score_normal_mean": 21.466354071172326,
  "score_anomaly_mean": 128.27706993573105,
  "separation_ratio": 5.975726921787681,
  "train_time_s": 38.3818736076355
}