{
  "config_id": "M512_k10_g0_b0p001_e500_lr5_n0.001",
  "stage": 2,
  "base_id": "M512_k10_g0_b0p001",
  "memory_len": 512,
  "k": 10,
  "gamma": 0.0,
  "beta": 0.001,
  "noise_std": 0.001,
  "lr": 0.005,
  "out_dim": 38,
  "epochs": 500,
  "adam_betas": [
    0.9,
    0.999
  ],
  "auc_roc": 0.9937125548400824,
  "auc_pr": 0.8338433471817592,
  "f1": 0.7899803045854255,
  "precision": 0.6750580761390035,
  "recall": 0.952059374164215,
  "fpr": 0.014130676804578553,
  "acc": 0.984858,
  "best_threshold": 168.5631156422984,
  "score_normal_mean": 56.354445628718935,
  "score_anomaly_mean": 257.5918371078642,
  "separation_ratio": 4.570923096377549,
  "train_time_s": 41.974587202072144
}