{
  "config_id": "M512_k5_g0_b0p001_e500_lr5_n0.001",
  "stage": 2,
  "base_id": "M512_k5_g0_b0p001",
  "memory_len": 512,
  "k": 5,
  "gamma": 0.0,
  "beta": 0.001,
  "noise_std": 0.001,
  "lr": 0.005,
  "out_dim": 38,
  "epochs": 500,
  "adam_betas": [
    0.9,
    0.999
  ],
  "auc_roc": 0.99334999471013,
  "auc_pr": 0.828272148055339,
  "f1": 0.7898839137645107,
  "precision": 0.6732472672446287,
  "recall": 0.9554025140411875,
  "fpr": 0.014297671963780605,
  "acc": 0.984796,
  "best_threshold": 79.04915808672881,
  "score_normal_mean": 25.477458859887733,
  "score_anomaly_mean": 126.1334326051078,
  "separation_ratio": 4.950785449160121,
  "train_time_s": 37.026846170425415
}