{
  "config_id": "M512_k10_g0_b0p001_e1000_lr10_n0.001",
  "stage": 2,
  "base_id": "M512_k10_g0_b0p001",
  "memory_len": 512,
  "k": 10,
  "gamma": 0.0,
  "beta": 0.001,
  "noise_std": 0.001,
  "lr": 0.01,
  "out_dim": 38,
  "epochs": 1000,
  "adam_betas": [
    0.9,
    0.999
  ],
  "auc_roc": 0.9952172335574614,
  "auc_pr": 0.8731196434139856,
  "f1": 0.8030526407076577,
  "precision": 0.7073381881142741,
  "recall": 0.9287242578229473,
  "fpr": 0.01184840962881718,
  "acc": 0.986374,
  "best_threshold": 170.72622960536324,
  "score_normal_mean": 42.73264785381777,
  "score_anomaly_mean": 260.7677266042352,
  "separation_ratio": 6.102306777157456,
  "train_time_s": 40.67657542228699
}