{
  "config_id": "M512_k5_g0_b0p001_e500_lr10_n0.001",
  "stage": 2,
  "base_id": "M512_k5_g0_b0p001",
  "memory_len": 512,
  "k": 5,
  "gamma": 0.0,
  "beta": 0.001,
  "noise_std": 0.001,
  "lr": 0.01,
  "out_dim": 38,
  "epochs": 500,
  "adam_betas": [
    0.9,
    0.999
  ],
  "auc_roc": 0.9944021330272899,
  "auc_pr": 0.8537064579249954,
  "f1": 0.7953462907199562,
  "precision": 0.6733568183925095,
  "recall": 0.9713158598555763,
  "fpr": 0.014528578850578504,
  "acc": 0.985048,
  "best_threshold": 71.79905832951992,
  "score_normal_mean": 22.3795836150281,
  "score_anomaly_mean": 128.02164543596427,
  "separation_ratio": 5.720465922788507,
  "train_time_s": 39.818735122680664
}