{
  "n_samples": 6465454,
  "n_anomalies": 526214,
  "anomaly_rate": 0.08138856142198213,
  "tp": 103132,
  "fp": 2061,
  "tn": 5937179,
  "fn": 423082,
  "precision": 0.9804074415597996,
  "recall": 0.19598870421539527,
  "f1": 0.32667360355523456,
  "fpr": 0.0003470140960796331,
  "accuracy": 0.9342439061510607,
  "auc_roc": 0.922584685084396,
  "auc_pr": 0.7758297663859,
  "score_normal_mean": 0.7271708325169498,
  "score_normal_std": 0.02787601143658955,
  "score_anomaly_mean": 0.9526564232976173,
  "score_anomaly_std": 0.4025787106346854,
  "eval_time": 5751.549275159836
}