{
  "n": 6465454,
  "anom": 526214,
  "tp": 299547,
  "fp": 300635,
  "tn": 5638605,
  "fn": 226667,
  "prec": 0.49909360827215743,
  "rec": 0.5692493928325738,
  "f1": 0.5318680108949251,
  "fpr": 0.05061842929398374,
  "acc": 0.9184431595986917,
  "auc_roc": 0.8746293106348415,
  "auc_pr": 0.6230722481961887,
  "nm_mean": 0.7185225395068184,
  "am_mean": 1.9253419250150865,
  "time": 8172.238289356232
}