{
  "memory_len": 8192,
  "train_samples": 3833771,
  "train_time_seconds": 126666.51131629944,
  "epochs": 500,
  "max_thres": 109.38717002868653,
  "checkpoint_path": "/data/output/memstream_memory.pt"
}