{
  "experiment": "exp01_memory_len",
  "hyperparameter": "memory_len",
  "timestamp": "20260514_183854",
  "priority": "HIGH",
  "primary_metric": "AUC-ROC",
  "grid": [
    10000,
    25000,
    50000,
    100000
  ],
  "results": [
    {
      "memory_len": 10000,
      "metrics": {
        "AUC-ROC": 0.7142942074096518,
        "AUC-PR": 0.14627499698196442,
        "F1": 0.1983795727964645,
        "Precision": 0.12016656751933373,
        "Recall": 0.5682137834036568,
        "FPR": 0.20701238715095527,
        "threshold": 1912.6562059601883,
        "TP": 404,
        "FP": 2958,
        "TN": 11331,
        "FN": 307,
        "n_anomalies": 711,
        "n_normal": 14289,
        "P@10": 1.0,
        "R@10": 0.014064697609001406,
        "P@50": 0.8,
        "R@50": 0.05625879043600562,
        "P@100": 0.5,
        "R@100": 0.07032348804500703,
        "P@250": 0.212,
        "R@250": 0.07454289732770746,
        "P@500": 0.13,
        "R@500": 0.09142053445850915,
        "P@1000": 0.07,
        "R@1000": 0.09845288326300984,
        "latency_mean_ms": 0.966174147115089,
        "latency_p50_ms": 0.6110000249464065,
        "latency_p90_ms": 1.0918199899606407,
        "latency_p95_ms": 1.355055015301331,
        "latency_p99_ms": 14.08405102323741,
        "latency_max_ms": 38.99289999390021,
        "context_cells_covered": 11,
        "context_cells_total": 80,
        "elapsed_s": 25.118900775909424
      }
    },
    {
      "memory_len": 25000,
      "metrics": {
        "AUC-ROC": 0.7142942074096518,
        "AUC-PR": 0.14627499698196442,
        "F1": 0.1983795727964645,
        "Precision": 0.12016656751933373,
        "Recall": 0.5682137834036568,
        "FPR": 0.20701238715095527,
        "threshold": 1912.6562059601883,
        "TP": 404,
        "FP": 2958,
        "TN": 11331,
        "FN": 307,
        "n_anomalies": 711,
        "n_normal": 14289,
        "P@10": 1.0,
        "R@10": 0.014064697609001406,
        "P@50": 0.8,
        "R@50": 0.05625879043600562,
        "P@100": 0.5,
        "R@100": 0.07032348804500703,
        "P@250": 0.212,
        "R@250": 0.07454289732770746,
        "P@500": 0.13,
        "R@500": 0.09142053445850915,
        "P@1000": 0.07,
        "R@1000": 0.09845288326300984,
        "latency_mean_ms": 0.8107866734149866,
        "latency_p50_ms": 0.6575500010512769,
        "latency_p90_ms": 1.0527299891691655,
        "latency_p95_ms": 1.2106350215617563,
        "latency_p99_ms": 2.404484973521905,
        "latency_max_ms": 55.319199978839606,
        "context_cells_covered": 11,
        "context_cells_total": 80,
        "elapsed_s": 20.145099878311157
      }
    },
    {
      "memory_len": 50000,
      "metrics": {
        "AUC-ROC": 0.7142942074096518,
        "AUC-PR": 0.14627499698196442,
        "F1": 0.1983795727964645,
        "Precision": 0.12016656751933373,
        "Recall": 0.5682137834036568,
        "FPR": 0.20701238715095527,
        "threshold": 1912.6562059601883,
        "TP": 404,
        "FP": 2958,
        "TN": 11331,
        "FN": 307,
        "n_anomalies": 711,
        "n_normal": 14289,
        "P@10": 1.0,
        "R@10": 0.014064697609001406,
        "P@50": 0.8,
        "R@50": 0.05625879043600562,
        "P@100": 0.5,
        "R@100": 0.07032348804500703,
        "P@250": 0.212,
        "R@250": 0.07454289732770746,
        "P@500": 0.13,
        "R@500": 0.09142053445850915,
        "P@1000": 0.07,
        "R@1000": 0.09845288326300984,
        "latency_mean_ms": 0.7830690269203235,
        "latency_p50_ms": 0.6381499697454274,
        "latency_p90_ms": 1.0414000134915113,
        "latency_p95_ms": 1.1906500410987058,
        "latency_p99_ms": 1.9529150269227105,
        "latency_max_ms": 71.66640000650659,
        "context_cells_covered": 11,
        "context_cells_total": 80,
        "elapsed_s": 19.23863911628723
      }
    },
    {
      "memory_len": 100000,
      "metrics": {
        "AUC-ROC": 0.7142942074096518,
        "AUC-PR": 0.14627499698196442,
        "F1": 0.1983795727964645,
        "Precision": 0.12016656751933373,
        "Recall": 0.5682137834036568,
        "FPR": 0.20701238715095527,
        "threshold": 1912.6562059601883,
        "TP": 404,
        "FP": 2958,
        "TN": 11331,
        "FN": 307,
        "n_anomalies": 711,
        "n_normal": 14289,
        "P@10": 1.0,
        "R@10": 0.014064697609001406,
        "P@50": 0.8,
        "R@50": 0.05625879043600562,
        "P@100": 0.5,
        "R@100": 0.07032348804500703,
        "P@250": 0.212,
        "R@250": 0.07454289732770746,
        "P@500": 0.13,
        "R@500": 0.09142053445850915,
        "P@1000": 0.07,
        "R@1000": 0.09845288326300984,
        "latency_mean_ms": 0.7012215200190742,
        "latency_p50_ms": 0.5368500133045018,
        "latency_p90_ms": 1.007309986744076,
        "latency_p95_ms": 1.1558050115127116,
        "latency_p99_ms": 1.9174199900589888,
        "latency_max_ms": 51.50149995461106,
        "context_cells_covered": 11,
        "context_cells_total": 80,
        "elapsed_s": 17.673661947250366
      }
    }
  ],
  "best_config": {
    "memory_len": 10000,
    "metrics": {
      "AUC-ROC": 0.7142942074096518,
      "AUC-PR": 0.14627499698196442,
      "F1": 0.1983795727964645,
      "Precision": 0.12016656751933373,
      "Recall": 0.5682137834036568,
      "FPR": 0.20701238715095527,
      "threshold": 1912.6562059601883,
      "TP": 404,
      "FP": 2958,
      "TN": 11331,
      "FN": 307,
      "n_anomalies": 711,
      "n_normal": 14289,
      "P@10": 1.0,
      "R@10": 0.014064697609001406,
      "P@50": 0.8,
      "R@50": 0.05625879043600562,
      "P@100": 0.5,
      "R@100": 0.07032348804500703,
      "P@250": 0.212,
      "R@250": 0.07454289732770746,
      "P@500": 0.13,
      "R@500": 0.09142053445850915,
      "P@1000": 0.07,
      "R@1000": 0.09845288326300984,
      "latency_mean_ms": 0.966174147115089,
      "latency_p50_ms": 0.6110000249464065,
      "latency_p90_ms": 1.0918199899606407,
      "latency_p95_ms": 1.355055015301331,
      "latency_p99_ms": 14.08405102323741,
      "latency_max_ms": 38.99289999390021,
      "context_cells_covered": 11,
      "context_cells_total": 80,
      "elapsed_s": 25.118900775909424
    }
  },
  "recommendation": "10K is sufficient for this dataset. Larger memory shows diminishing returns."
}