{
  "config_id": "M256_k10_g0_b0p01_e10000_lr10_n0.0005",
  "stage": 2,
  "base_id": "M256_k10_g0_b0p01",
  "memory_len": 256,
  "k": 10,
  "gamma": 0.0,
  "beta": 0.01,
  "noise_std": 0.0005,
  "lr": 0.01,
  "out_dim": 68,
  "epochs": 10000,
  "adam_betas": [
    0.9,
    0.999
  ],
  "auc_roc": 0.8050537819021738,
  "auc_pr": 0.42565342342312895,
  "f1": 0.5011672786569844,
  "precision": 0.4721381048164276,
  "recall": 0.534,
  "fpr": 0.05191521739130435,
  "acc": 0.914958,
  "best_threshold": 0.8389533334706044,
  "score_normal_mean": 0.38255074204888523,
  "score_anomaly_mean": 1.1068301885153662,
  "separation_ratio": 2.8932898746643314,
  "train_time_s": 52.65675210952759
}