{
  "config_id": "M256_k3_g0_b1p0_e2000_lr10_n0.005",
  "stage": 2,
  "base_id": "M256_k3_g0_b1p0",
  "memory_len": 256,
  "k": 3,
  "gamma": 0.0,
  "beta": 1.0,
  "noise_std": 0.005,
  "lr": 0.01,
  "out_dim": 68,
  "epochs": 2000,
  "adam_betas": [
    0.9,
    0.999
  ],
  "auc_roc": 0.8084363547826088,
  "auc_pr": 0.44127413271930016,
  "f1": 0.5015060918041631,
  "precision": 0.45556644613248387,
  "recall": 0.55775,
  "fpr": 0.05796086956521739,
  "acc": 0.911296,
  "best_threshold": 0.7861971239801646,
  "score_normal_mean": 0.4038180493017931,
  "score_anomaly_mean": 1.2728234736114319,
  "separation_ratio": 3.151972715959975,
  "train_time_s": 28.540165185928345
}