{
  "config_id": "M256_k3_g0_b0p01_e10000_lr5_n0.0005",
  "stage": 2,
  "base_id": "M256_k3_g0_b0p01",
  "memory_len": 256,
  "k": 3,
  "gamma": 0.0,
  "beta": 0.01,
  "noise_std": 0.0005,
  "lr": 0.005,
  "out_dim": 68,
  "epochs": 10000,
  "adam_betas": [
    0.9,
    0.999
  ],
  "auc_roc": 0.8084925667934783,
  "auc_pr": 0.4289919038380527,
  "f1": 0.5040033905682638,
  "precision": 0.4651064459525169,
  "recall": 0.55,
  "fpr": 0.055002173913043476,
  "acc": 0.913398,
  "best_threshold": 0.8146375181450665,
  "score_normal_mean": 0.40071857517542064,
  "score_anomaly_mean": 1.3872640176019362,
  "separation_ratio": 3.461940882063279,
  "train_time_s": 79.19699096679688
}