{
  "config_id": "M256_k5_g0_b0p001_e5000_lr10_n0.0005",
  "stage": 2,
  "base_id": "M256_k5_g0_b0p001",
  "memory_len": 256,
  "k": 5,
  "gamma": 0.0,
  "beta": 0.001,
  "noise_std": 0.0005,
  "lr": 0.01,
  "out_dim": 68,
  "epochs": 5000,
  "adam_betas": [
    0.9,
    0.999
  ],
  "auc_roc": 0.8080380683423912,
  "auc_pr": 0.433324725564794,
  "f1": 0.5049213620576255,
  "precision": 0.4688725542721214,
  "recall": 0.546975,
  "fpr": 0.053878260869565216,
  "acc": 0.91419,
  "best_threshold": 0.8423036417762848,
  "score_normal_mean": 0.406144830123394,
  "score_anomaly_mean": 1.2780464004444536,
  "separation_ratio": 3.146775006482689,
  "train_time_s": 42.00448942184448
}