{
  "config_id": "M256_k10_g0_b0p1_e5000_lr10_n0.001",
  "stage": 2,
  "base_id": "M256_k10_g0_b0p1",
  "memory_len": 256,
  "k": 10,
  "gamma": 0.0,
  "beta": 0.1,
  "noise_std": 0.001,
  "lr": 0.01,
  "out_dim": 68,
  "epochs": 5000,
  "adam_betas": [
    0.9,
    0.999
  ],
  "auc_roc": 0.8073256315217391,
  "auc_pr": 0.4427561004721321,
  "f1": 0.5038697194453402,
  "precision": 0.467135047407534,
  "recall": 0.546875,
  "fpr": 0.05424565217391304,
  "acc": 0.913844,
  "best_threshold": 0.8090882831166644,
  "score_normal_mean": 0.3892267056186317,
  "score_anomaly_mean": 1.15469172585196,
  "separation_ratio": 2.9666302676141107,
  "train_time_s": 39.588990211486816
}