{
  "config_id": "M256_k5_g0_b1p0_e2000_lr20_n0.0005",
  "stage": 2,
  "base_id": "M256_k5_g0_b1p0",
  "memory_len": 256,
  "k": 5,
  "gamma": 0.0,
  "beta": 1.0,
  "noise_std": 0.0005,
  "lr": 0.02,
  "out_dim": 68,
  "epochs": 2000,
  "adam_betas": [
    0.9,
    0.999
  ],
  "auc_roc": 0.8047523647826087,
  "auc_pr": 0.4093659506144468,
  "f1": 0.4817071843645939,
  "precision": 0.4265040274405519,
  "recall": 0.553325,
  "fpr": 0.06469782608695653,
  "acc": 0.904744,
  "best_threshold": 0.7758124880862104,
  "score_normal_mean": 0.40343373349620504,
  "score_anomaly_mean": 1.0944013848113494,
  "separation_ratio": 2.7127165974127547,
  "train_time_s": 30.564401626586914
}