{
  "config_id": "M256_k3_g0_b0p01_e5000_lr10_n0.0005",
  "stage": 2,
  "base_id": "M256_k3_g0_b0p01",
  "memory_len": 256,
  "k": 3,
  "gamma": 0.0,
  "beta": 0.01,
  "noise_std": 0.0005,
  "lr": 0.01,
  "out_dim": 68,
  "epochs": 5000,
  "adam_betas": [
    0.9,
    0.999
  ],
  "auc_roc": 0.8074257197554348,
  "auc_pr": 0.42659504636464307,
  "f1": 0.49890090170921,
  "precision": 0.45240419819380034,
  "recall": 0.55605,
  "fpr": 0.05852608695652174,
  "acc": 0.91064,
  "best_threshold": 0.8037948277400778,
  "score_normal_mean": 0.4065579381350326,
  "score_anomaly_mean": 1.3192195145342338,
  "separation_ratio": 3.2448499728864557,
  "train_time_s": 49.84182906150818
}