{
  "config_id": "M256_k3_g0_b1p0_e5000_lr10_n0.001",
  "stage": 2,
  "base_id": "M256_k3_g0_b1p0",
  "memory_len": 256,
  "k": 3,
  "gamma": 0.0,
  "beta": 1.0,
  "noise_std": 0.001,
  "lr": 0.01,
  "out_dim": 68,
  "epochs": 5000,
  "adam_betas": [
    0.9,
    0.999
  ],
  "auc_roc": 0.8073027370380436,
  "auc_pr": 0.42628488934016234,
  "f1": 0.49891269877225564,
  "precision": 0.45607968193489606,
  "recall": 0.550625,
  "fpr": 0.05710217391304348,
  "acc": 0.911516,
  "best_threshold": 0.8229543020982231,
  "score_normal_mean": 0.4069847016248893,
  "score_anomaly_mean": 1.3175999710858213,
  "separation_ratio": 3.2374680567237393,
  "train_time_s": 38.341471672058105
}