{
  "config_id": "M256_k3_g0_b0p1_e2000_lr5_n0.0005",
  "stage": 2,
  "base_id": "M256_k3_g0_b0p1",
  "memory_len": 256,
  "k": 3,
  "gamma": 0.0,
  "beta": 0.1,
  "noise_std": 0.0005,
  "lr": 0.005,
  "out_dim": 68,
  "epochs": 2000,
  "adam_betas": [
    0.9,
    0.999
  ],
  "auc_roc": 0.8082757788043478,
  "auc_pr": 0.4393168433535899,
  "f1": 0.4971162579473206,
  "precision": 0.45534525790349417,
  "recall": 0.547325,
  "fpr": 0.05692826086956522,
  "acc": 0.911412,
  "best_threshold": 0.8131457624559784,
  "score_normal_mean": 0.40574838076050435,
  "score_anomaly_mean": 1.255897989898305,
  "separation_ratio": 3.0952630976477193,
  "train_time_s": 28.985893964767456
}