{
  "config_id": "M256_k10_g0_b0p0001_e10000_lr5_n0.005",
  "stage": 2,
  "base_id": "M256_k10_g0_b0p0001",
  "memory_len": 256,
  "k": 10,
  "gamma": 0.0,
  "beta": 0.0001,
  "noise_std": 0.005,
  "lr": 0.005,
  "out_dim": 68,
  "epochs": 10000,
  "adam_betas": [
    0.9,
    0.999
  ],
  "auc_roc": 0.8077969362228261,
  "auc_pr": 0.44807761400458307,
  "f1": 0.5011918115535614,
  "precision": 0.470494032994033,
  "recall": 0.536175,
  "fpr": 0.052471739130434784,
  "acc": 0.91462,
  "best_threshold": 0.8300400870174308,
  "score_normal_mean": 0.38542197021568997,
  "score_anomaly_mean": 1.206593612825595,
  "separation_ratio": 3.1305781872018366,
  "train_time_s": 54.89972114562988
}