{
  "config_id": "M256_k5_g0_b0p01_e5000_lr20_n0.001",
  "stage": 2,
  "base_id": "M256_k5_g0_b0p01",
  "memory_len": 256,
  "k": 5,
  "gamma": 0.0,
  "beta": 0.01,
  "noise_std": 0.001,
  "lr": 0.02,
  "out_dim": 68,
  "epochs": 5000,
  "adam_betas": [
    0.9,
    0.999
  ],
  "auc_roc": 0.8014665699184783,
  "auc_pr": 0.38120520322072954,
  "f1": 0.47334208588171256,
  "precision": 0.413005010523963,
  "recall": 0.554325,
  "fpr": 0.0685086956521739,
  "acc": 0.901318,
  "best_threshold": 0.7080496515246204,
  "score_normal_mean": 0.3839358005800117,
  "score_anomaly_mean": 0.9970806612977301,
  "separation_ratio": 2.596998403877525,
  "train_time_s": 42.820937395095825
}