{
  "config_id": "M256_k10_g0_b1p0_e5000_lr20_n0.0005",
  "stage": 2,
  "base_id": "M256_k10_g0_b1p0",
  "memory_len": 256,
  "k": 10,
  "gamma": 0.0,
  "beta": 1.0,
  "noise_std": 0.0005,
  "lr": 0.02,
  "out_dim": 68,
  "epochs": 5000,
  "adam_betas": [
    0.9,
    0.999
  ],
  "auc_roc": 0.8038784757336956,
  "auc_pr": 0.40317286542749053,
  "f1": 0.4966891243802942,
  "precision": 0.46182279242687985,
  "recall": 0.53725,
  "fpr": 0.05444130434782609,
  "acc": 0.912894,
  "best_threshold": 0.7853803582584604,
  "score_normal_mean": 0.3814429051919009,
  "score_anomaly_mean": 0.9656020891249566,
  "separation_ratio": 2.5314459280325843,
  "train_time_s": 39.27414417266846
}