{
  "config_id": "M256_k10_g0_b0p1_e10000_lr20_n0.0005",
  "stage": 2,
  "base_id": "M256_k10_g0_b0p1",
  "memory_len": 256,
  "k": 10,
  "gamma": 0.0,
  "beta": 0.1,
  "noise_std": 0.0005,
  "lr": 0.02,
  "out_dim": 68,
  "epochs": 10000,
  "adam_betas": [
    0.9,
    0.999
  ],
  "auc_roc": 0.8018428591032609,
  "auc_pr": 0.38584205133320615,
  "f1": 0.4892907283652496,
  "precision": 0.4442133170184562,
  "recall": 0.54455,
  "fpr": 0.059245652173913047,
  "acc": 0.909058,
  "best_threshold": 0.7210263081833836,
  "score_normal_mean": 0.3716510530447235,
  "score_anomaly_mean": 0.8984319720711417,
  "separation_ratio": 2.417407309116454,
  "train_time_s": 54.386468172073364
}