{
  "config_id": "M256_k3_g0_b0p01_e2000_lr5_n0.005",
  "stage": 2,
  "base_id": "M256_k3_g0_b0p01",
  "memory_len": 256,
  "k": 3,
  "gamma": 0.0,
  "beta": 0.01,
  "noise_std": 0.005,
  "lr": 0.005,
  "out_dim": 68,
  "epochs": 2000,
  "adam_betas": [
    0.9,
    0.999
  ],
  "auc_roc": 0.8082453805706522,
  "auc_pr": 0.44095436042499014,
  "f1": 0.4966393415122404,
  "precision": 0.4493190602424267,
  "recall": 0.5551,
  "fpr": 0.059158695652173916,
  "acc": 0.909982,
  "best_threshold": 0.7866062658220216,
  "score_normal_mean": 0.4049767176823613,
  "score_anomaly_mean": 1.2512273109584024,
  "separation_ratio": 3.089627764576303,
  "train_time_s": 34.53168034553528
}