{
  "config_id": "M256_k3_g0_b0p1_e2000_lr20_n0.0005",
  "stage": 2,
  "base_id": "M256_k3_g0_b0p1",
  "memory_len": 256,
  "k": 3,
  "gamma": 0.0,
  "beta": 0.1,
  "noise_std": 0.0005,
  "lr": 0.02,
  "out_dim": 68,
  "epochs": 2000,
  "adam_betas": [
    0.9,
    0.999
  ],
  "auc_roc": 0.7943316191032608,
  "auc_pr": 0.37564382053731876,
  "f1": 0.41703091187893204,
  "precision": 0.48859934853420195,
  "recall": 0.36375,
  "fpr": 0.03310652173913044,
  "acc": 0.918642,
  "best_threshold": 1.4279194974513973,
  "score_normal_mean": 0.4385948005530191,
  "score_anomaly_mean": 1.1436191591739986,
  "separation_ratio": 2.6074617340014576,
  "train_time_s": 28.395404815673828
}