{
  "config_id": "M256_k5_g0_b1p0_e5000_lr10_n0.001",
  "stage": 2,
  "base_id": "M256_k5_g0_b1p0",
  "memory_len": 256,
  "k": 5,
  "gamma": 0.0,
  "beta": 1.0,
  "noise_std": 0.001,
  "lr": 0.01,
  "out_dim": 68,
  "epochs": 5000,
  "adam_betas": [
    0.9,
    0.999
  ],
  "auc_roc": 0.8078766900271738,
  "auc_pr": 0.4334996390689142,
  "f1": 0.5048559348394605,
  "precision": 0.4681737569710049,
  "recall": 0.547775,
  "fpr": 0.05410869565217391,
  "acc": 0.914042,
  "best_threshold": 0.8357532883057066,
  "score_normal_mean": 0.4042566633914911,
  "score_anomaly_mean": 1.2686837760447678,
  "separation_ratio": 3.1383125893367065,
  "train_time_s": 38.477749824523926
}