{
  "config_id": "M256_k5_g0_b0p1_e10000_lr5_n0.005",
  "stage": 2,
  "base_id": "M256_k5_g0_b0p1",
  "memory_len": 256,
  "k": 5,
  "gamma": 0.0,
  "beta": 0.1,
  "noise_std": 0.005,
  "lr": 0.005,
  "out_dim": 68,
  "epochs": 10000,
  "adam_betas": [
    0.9,
    0.999
  ],
  "auc_roc": 0.808821745298913,
  "auc_pr": 0.44141186674349686,
  "f1": 0.5051109391422861,
  "precision": 0.46943901758303097,
  "recall": 0.54665,
  "fpr": 0.05372391304347826,
  "acc": 0.914306,
  "best_threshold": 0.8333330753352263,
  "score_normal_mean": 0.4025293800014267,
  "score_anomaly_mean": 1.337991790070403,
  "separation_ratio": 3.3239605766556983,
  "train_time_s": 53.169612407684326
}