{
  "config_id": "M256_k10_g0_b0p01_e2000_lr20_n0.0005",
  "stage": 2,
  "base_id": "M256_k10_g0_b0p01",
  "memory_len": 256,
  "k": 10,
  "gamma": 0.0,
  "beta": 0.01,
  "noise_std": 0.0005,
  "lr": 0.02,
  "out_dim": 68,
  "epochs": 2000,
  "adam_betas": [
    0.9,
    0.999
  ],
  "auc_roc": 0.8059366316304347,
  "auc_pr": 0.4218666832442578,
  "f1": 0.495583806161239,
  "precision": 0.4515220653223983,
  "recall": 0.549175,
  "fpr": 0.05800869565217391,
  "acc": 0.910566,
  "best_threshold": 0.8093550380749053,
  "score_normal_mean": 0.40380921417697746,
  "score_anomaly_mean": 1.0584381643005496,
  "separation_ratio": 2.62113425632895,
  "train_time_s": 30.564483642578125
}