{
  "config_id": "M256_k5_g0_b0p01_e10000_lr5_n0.0005",
  "stage": 2,
  "base_id": "M256_k5_g0_b0p01",
  "memory_len": 256,
  "k": 5,
  "gamma": 0.0,
  "beta": 0.01,
  "noise_std": 0.0005,
  "lr": 0.005,
  "out_dim": 68,
  "epochs": 10000,
  "adam_betas": [
    0.9,
    0.999
  ],
  "auc_roc": 0.8087469670652174,
  "auc_pr": 0.43220403615765224,
  "f1": 0.5054257480605836,
  "precision": 0.46952213452299246,
  "recall": 0.547275,
  "fpr": 0.05376739130434783,
  "acc": 0.914316,
  "best_threshold": 0.838763477391612,
  "score_normal_mean": 0.4058115124230237,
  "score_anomaly_mean": 1.3538815613309667,
  "separation_ratio": 3.3362325116091367,
  "train_time_s": 61.929341316223145
}