{
  "config_id": "M256_k5_g0_b1p0_e10000_lr5_n0.001",
  "stage": 2,
  "base_id": "M256_k5_g0_b1p0",
  "memory_len": 256,
  "k": 5,
  "gamma": 0.0,
  "beta": 1.0,
  "noise_std": 0.001,
  "lr": 0.005,
  "out_dim": 68,
  "epochs": 10000,
  "adam_betas": [
    0.9,
    0.999
  ],
  "auc_roc": 0.8088199873097826,
  "auc_pr": 0.43435610995552104,
  "f1": 0.5057667860857507,
  "precision": 0.47027724049000647,
  "recall": 0.54705,
  "fpr": 0.05358260869565217,
  "acc": 0.914468,
  "best_threshold": 0.84116569683915,
  "score_normal_mean": 0.4055275339955575,
  "score_anomaly_mean": 1.356988534460193,
  "separation_ratio": 3.3462303313664976,
  "train_time_s": 52.92645454406738
}