{
  "config_id": "M256_k10_g0_b0p001_e10000_lr10_n0.001",
  "stage": 2,
  "base_id": "M256_k10_g0_b0p001",
  "memory_len": 256,
  "k": 10,
  "gamma": 0.0,
  "beta": 0.001,
  "noise_std": 0.001,
  "lr": 0.01,
  "out_dim": 68,
  "epochs": 10000,
  "adam_betas": [
    0.9,
    0.999
  ],
  "auc_roc": 0.8051246251902173,
  "auc_pr": 0.42983883906053244,
  "f1": 0.5012079690946651,
  "precision": 0.4700422495129266,
  "recall": 0.5368,
  "fpr": 0.052628260869565215,
  "acc": 0.914526,
  "best_threshold": 0.8300783207929907,
  "score_normal_mean": 0.38299018097362064,
  "score_anomaly_mean": 1.1121764846611533,
  "separation_ratio": 2.9039294997950797,
  "train_time_s": 52.724936962127686
}