{
  "config_id": "M256_k3_g0_b0p01_e5000_lr5_n0.0005",
  "stage": 2,
  "base_id": "M256_k3_g0_b0p01",
  "memory_len": 256,
  "k": 3,
  "gamma": 0.0,
  "beta": 0.01,
  "noise_std": 0.0005,
  "lr": 0.005,
  "out_dim": 68,
  "epochs": 5000,
  "adam_betas": [
    0.9,
    0.999
  ],
  "auc_roc": 0.809038084701087,
  "auc_pr": 0.43803653168249634,
  "f1": 0.5018488573270159,
  "precision": 0.45815869345281107,
  "recall": 0.55475,
  "fpr": 0.05705,
  "acc": 0.911894,
  "best_threshold": 0.7941127561355925,
  "score_normal_mean": 0.3978120867694467,
  "score_anomaly_mean": 1.3559200093224146,
  "separation_ratio": 3.4084434697134847,
  "train_time_s": 52.06899547576904
}