{
  "config_id": "M256_k10_g0_b0p0001_e5000_lr5_n0.005",
  "stage": 2,
  "base_id": "M256_k10_g0_b0p0001",
  "memory_len": 256,
  "k": 10,
  "gamma": 0.0,
  "beta": 0.0001,
  "noise_std": 0.005,
  "lr": 0.005,
  "out_dim": 68,
  "epochs": 5000,
  "adam_betas": [
    0.9,
    0.999
  ],
  "auc_roc": 0.8088005353532609,
  "auc_pr": 0.45481802837266294,
  "f1": 0.5114201241105949,
  "precision": 0.7301697745616477,
  "recall": 0.393525,
  "fpr": 0.012645652173913044,
  "acc": 0.939848,
  "best_threshold": 1.3742713181366948,
  "score_normal_mean": 0.3898253665357752,
  "score_anomaly_mean": 1.198687331472175,
  "separation_ratio": 3.0749341483968533,
  "train_time_s": 39.43539571762085
}