{
  "config_id": "M256_k3_g0_b1p0_e10000_lr20_n0.005",
  "stage": 2,
  "base_id": "M256_k3_g0_b1p0",
  "memory_len": 256,
  "k": 3,
  "gamma": 0.0,
  "beta": 1.0,
  "noise_std": 0.005,
  "lr": 0.02,
  "out_dim": 68,
  "epochs": 10000,
  "adam_betas": [
    0.9,
    0.999
  ],
  "auc_roc": 0.7886925759510869,
  "auc_pr": 0.32901287966768633,
  "f1": 0.43241399977266387,
  "precision": 0.3685378613073116,
  "recall": 0.523075,
  "fpr": 0.07793478260869566,
  "acc": 0.890146,
  "best_threshold": 0.6295608979586547,
  "score_normal_mean": 0.3781890323492676,
  "score_anomaly_mean": 0.8723203182229973,
  "separation_ratio": 2.3065722260749917,
  "train_time_s": 53.34573197364807
}