{
  "config_id": "M256_k5_g0_b0p0001_e2000_lr5_n0.005",
  "stage": 2,
  "base_id": "M256_k5_g0_b0p0001",
  "memory_len": 256,
  "k": 5,
  "gamma": 0.0,
  "beta": 0.0001,
  "noise_std": 0.005,
  "lr": 0.005,
  "out_dim": 68,
  "epochs": 2000,
  "adam_betas": [
    0.9,
    0.999
  ],
  "auc_roc": 0.8093067981250001,
  "auc_pr": 0.44897026974721743,
  "f1": 0.5075531654852115,
  "precision": 0.7289024104844372,
  "recall": 0.389325,
  "fpr": 0.012591304347826087,
  "acc": 0.939562,
  "best_threshold": 1.422821627858324,
  "score_normal_mean": 0.40786876703739733,
  "score_anomaly_mean": 1.2213463846569819,
  "separation_ratio": 2.9944592068874867,
  "train_time_s": 29.35120677947998
}