{
  "config_id": "M256_k3_g0_b0p1_e10000_lr10_n0.001",
  "stage": 2,
  "base_id": "M256_k3_g0_b0p1",
  "memory_len": 256,
  "k": 3,
  "gamma": 0.0,
  "beta": 0.1,
  "noise_std": 0.001,
  "lr": 0.01,
  "out_dim": 68,
  "epochs": 10000,
  "adam_betas": [
    0.9,
    0.999
  ],
  "auc_roc": 0.8038335080163044,
  "auc_pr": 0.4087194024287216,
  "f1": 0.4868285152045576,
  "precision": 0.4307316416245022,
  "recall": 0.559725,
  "fpr": 0.06432608695652174,
  "acc": 0.905598,
  "best_threshold": 0.7454752169780634,
  "score_normal_mean": 0.3926276356583827,
  "score_anomaly_mean": 1.219317446142977,
  "separation_ratio": 3.1055313875151676,
  "train_time_s": 54.4304883480072
}