{
  "config_id": "M256_k10_g0_b0p0001_e10000_lr10_n0.005",
  "stage": 2,
  "base_id": "M256_k10_g0_b0p0001",
  "memory_len": 256,
  "k": 10,
  "gamma": 0.0,
  "beta": 0.0001,
  "noise_std": 0.005,
  "lr": 0.01,
  "out_dim": 68,
  "epochs": 10000,
  "adam_betas": [
    0.9,
    0.999
  ],
  "auc_roc": 0.8053231601086956,
  "auc_pr": 0.4327536499301917,
  "f1": 0.5009942683354779,
  "precision": 0.47076280501209056,
  "recall": 0.535375,
  "fpr": 0.05233695652173913,
  "acc": 0.91468,
  "best_threshold": 0.8290011121287211,
  "score_normal_mean": 0.3809415925892299,
  "score_anomaly_mean": 1.099790374909835,
  "separation_ratio": 2.8870314932917847,
  "train_time_s": 53.90325880050659
}