{
  "config_id": "M256_k10_g0_b0p0001_e10000_lr5_n0.001",
  "stage": 2,
  "base_id": "M256_k10_g0_b0p0001",
  "memory_len": 256,
  "k": 10,
  "gamma": 0.0,
  "beta": 0.0001,
  "noise_std": 0.001,
  "lr": 0.005,
  "out_dim": 68,
  "epochs": 10000,
  "adam_betas": [
    0.9,
    0.999
  ],
  "auc_roc": 0.8077317594293478,
  "auc_pr": 0.4419270363307552,
  "f1": 0.5017156374793598,
  "precision": 0.47192174660174924,
  "recall": 0.535525,
  "fpr": 0.052108695652173916,
  "acc": 0.914902,
  "best_threshold": 0.8374576334475496,
  "score_normal_mean": 0.3858603175946602,
  "score_anomaly_mean": 1.2146465756897271,
  "separation_ratio": 3.147891919183286,
  "train_time_s": 53.35346460342407
}