{
  "config_id": "M256_k10_g0_b0p1_e10000_lr5_n0.0005",
  "stage": 2,
  "base_id": "M256_k10_g0_b0p1",
  "memory_len": 256,
  "k": 10,
  "gamma": 0.0,
  "beta": 0.1,
  "noise_std": 0.0005,
  "lr": 0.005,
  "out_dim": 68,
  "epochs": 10000,
  "adam_betas": [
    0.9,
    0.999
  ],
  "auc_roc": 0.8076941488858694,
  "auc_pr": 0.439116768899321,
  "f1": 0.5014535053411944,
  "precision": 0.4703975468185303,
  "recall": 0.5369,
  "fpr": 0.05256304347826087,
  "acc": 0.914594,
  "best_threshold": 0.8297809355278847,
  "score_normal_mean": 0.3857947438430915,
  "score_anomaly_mean": 1.2108210307086749,
  "separation_ratio": 3.1385109570106895,
  "train_time_s": 53.151808738708496
}