{
  "config_id": "M256_k10_g0_b0p1_e5000_lr10_n0.0005",
  "stage": 2,
  "base_id": "M256_k10_g0_b0p1",
  "memory_len": 256,
  "k": 10,
  "gamma": 0.0,
  "beta": 0.1,
  "noise_std": 0.0005,
  "lr": 0.01,
  "out_dim": 68,
  "epochs": 5000,
  "adam_betas": [
    0.9,
    0.999
  ],
  "auc_roc": 0.8073900078532609,
  "auc_pr": 0.44147973204459284,
  "f1": 0.5036300049631228,
  "precision": 0.4677844722228178,
  "recall": 0.545425,
  "fpr": 0.05396086956521739,
  "acc": 0.91399,
  "best_threshold": 0.8149307962534001,
  "score_normal_mean": 0.39030898351299,
  "score_anomaly_mean": 1.1601747402811302,
  "separation_ratio": 2.972452055391951,
  "train_time_s": 40.02566075325012
}