{
  "config_id": "M256_k5_g0_b0p01_e10000_lr20_n0.005",
  "stage": 2,
  "base_id": "M256_k5_g0_b0p01",
  "memory_len": 256,
  "k": 5,
  "gamma": 0.0,
  "beta": 0.01,
  "noise_std": 0.005,
  "lr": 0.02,
  "out_dim": 68,
  "epochs": 10000,
  "adam_betas": [
    0.9,
    0.999
  ],
  "auc_roc": 0.7964392779619565,
  "auc_pr": 0.35640223322691006,
  "f1": 0.4575277320508268,
  "precision": 0.4016017226073324,
  "recall": 0.53155,
  "fpr": 0.06887173913043479,
  "acc": 0.899162,
  "best_threshold": 0.6579111735482984,
  "score_normal_mean": 0.3742155468220257,
  "score_anomaly_mean": 0.8786466127117586,
  "separation_ratio": 2.347969292493443,
  "train_time_s": 53.5627179145813
}