{
  "config_id": "M256_k5_g0_b0p001_e10000_lr10_n0.001",
  "stage": 2,
  "base_id": "M256_k5_g0_b0p001",
  "memory_len": 256,
  "k": 5,
  "gamma": 0.0,
  "beta": 0.001,
  "noise_std": 0.001,
  "lr": 0.01,
  "out_dim": 68,
  "epochs": 10000,
  "adam_betas": [
    0.9,
    0.999
  ],
  "auc_roc": 0.8053729358695652,
  "auc_pr": 0.4191394222905164,
  "f1": 0.4994305900945917,
  "precision": 0.4666044208972076,
  "recall": 0.537225,
  "fpr": 0.05340217391304348,
  "acc": 0.913848,
  "best_threshold": 0.8351986232532388,
  "score_normal_mean": 0.3929546580317161,
  "score_anomaly_mean": 1.197855374296239,
  "separation_ratio": 3.048329749534507,
  "train_time_s": 52.6526563167572
}