{
  "config_id": "M256_k5_g0_b0p1_e10000_lr20_n0.0005",
  "stage": 2,
  "base_id": "M256_k5_g0_b0p1",
  "memory_len": 256,
  "k": 5,
  "gamma": 0.0,
  "beta": 0.1,
  "noise_std": 0.0005,
  "lr": 0.02,
  "out_dim": 68,
  "epochs": 10000,
  "adam_betas": [
    0.9,
    0.999
  ],
  "auc_roc": 0.7970978955434782,
  "auc_pr": 0.35274235211879384,
  "f1": 0.4620471052521096,
  "precision": 0.3982017512120993,
  "recall": 0.550275,
  "fpr": 0.07231521739130435,
  "acc": 0.897492,
  "best_threshold": 0.6648729429123631,
  "score_normal_mean": 0.3812159984640031,
  "score_anomaly_mean": 0.9162406371483008,
  "separation_ratio": 2.4034684820155,
  "train_time_s": 53.55837059020996
}