{
  "config_id": "M256_k3_g0_b0p01_e2000_lr5_n0.001",
  "stage": 2,
  "base_id": "M256_k3_g0_b0p01",
  "memory_len": 256,
  "k": 3,
  "gamma": 0.0,
  "beta": 0.01,
  "noise_std": 0.001,
  "lr": 0.005,
  "out_dim": 68,
  "epochs": 2000,
  "adam_betas": [
    0.9,
    0.999
  ],
  "auc_roc": 0.8083373986684781,
  "auc_pr": 0.4399679472362823,
  "f1": 0.49802002730996814,
  "precision": 0.45703842940685047,
  "recall": 0.547075,
  "fpr": 0.05651521739130435,
  "acc": 0.911772,
  "best_threshold": 0.8128114743384374,
  "score_normal_mean": 0.4053282115153874,
  "score_anomaly_mean": 1.2554398047961433,
  "separation_ratio": 3.0973412881932676,
  "train_time_s": 38.31281542778015
}