{
  "config_id": "M256_k10_g0_b0p01_e2000_lr10_n0.001",
  "stage": 2,
  "base_id": "M256_k10_g0_b0p01",
  "memory_len": 256,
  "k": 10,
  "gamma": 0.0,
  "beta": 0.01,
  "noise_std": 0.001,
  "lr": 0.01,
  "out_dim": 68,
  "epochs": 2000,
  "adam_betas": [
    0.9,
    0.999
  ],
  "auc_roc": 0.8089180430434784,
  "auc_pr": 0.453678268706103,
  "f1": 0.5098248335595631,
  "precision": 0.7208462803874978,
  "recall": 0.394375,
  "fpr": 0.013280434782608696,
  "acc": 0.939332,
  "best_threshold": 1.3695615492422424,
  "score_normal_mean": 0.40205250458249475,
  "score_anomaly_mean": 1.1626358059127335,
  "separation_ratio": 2.8917511833934597,
  "train_time_s": 30.973260164260864
}