{
  "config_id": "M256_k3_g0_b0p1_e2000_lr20_n0.005",
  "stage": 2,
  "base_id": "M256_k3_g0_b0p1",
  "memory_len": 256,
  "k": 3,
  "gamma": 0.0,
  "beta": 0.1,
  "noise_std": 0.005,
  "lr": 0.02,
  "out_dim": 68,
  "epochs": 2000,
  "adam_betas": [
    0.9,
    0.999
  ],
  "auc_roc": 0.7947972969836956,
  "auc_pr": 0.3782570731204099,
  "f1": 0.41823904553169744,
  "precision": 0.6135473577334043,
  "recall": 0.31725,
  "fpr": 0.01737608695652174,
  "acc": 0.929394,
  "best_threshold": 1.5734557335328996,
  "score_normal_mean": 0.43589516472989726,
  "score_anomaly_mean": 1.1535299401262291,
  "separation_ratio": 2.646347180384565,
  "train_time_s": 29.8671977519989
}