{
  "config_id": "M256_k5_g0_b0p0001_e5000_lr20_n0.005",
  "stage": 2,
  "base_id": "M256_k5_g0_b0p0001",
  "memory_len": 256,
  "k": 5,
  "gamma": 0.0,
  "beta": 0.0001,
  "noise_std": 0.005,
  "lr": 0.02,
  "out_dim": 68,
  "epochs": 5000,
  "adam_betas": [
    0.9,
    0.999
  ],
  "auc_roc": 0.7993926358423913,
  "auc_pr": 0.37596238272223337,
  "f1": 0.4633135336096748,
  "precision": 0.4045220505932393,
  "recall": 0.5421,
  "fpr": 0.06939130434782609,
  "acc": 0.899528,
  "best_threshold": 0.6874256815034867,
  "score_normal_mean": 0.38168667933994677,
  "score_anomaly_mean": 0.9426556206665964,
  "separation_ratio": 2.4697105549943132,
  "train_time_s": 37.386282444000244
}