{
  "config_id": "M256_k5_g0_b0p001_e10000_lr10_n0.005",
  "stage": 2,
  "base_id": "M256_k5_g0_b0p001",
  "memory_len": 256,
  "k": 5,
  "gamma": 0.0,
  "beta": 0.001,
  "noise_std": 0.005,
  "lr": 0.01,
  "out_dim": 68,
  "epochs": 10000,
  "adam_betas": [
    0.9,
    0.999
  ],
  "auc_roc": 0.8046026225271741,
  "auc_pr": 0.41783888696915306,
  "f1": 0.48664896321826095,
  "precision": 0.4440251572327044,
  "recall": 0.538325,
  "fpr": 0.05861304347826087,
  "acc": 0.909142,
  "best_threshold": 0.840083651689919,
  "score_normal_mean": 0.39613410413628347,
  "score_anomaly_mean": 1.188952300803791,
  "separation_ratio": 3.0013883894095406,
  "train_time_s": 54.129145860672
}