{
  "config_id": "M256_k10_g0_b0p0001_e2000_lr5_n0.001",
  "stage": 2,
  "base_id": "M256_k10_g0_b0p0001",
  "memory_len": 256,
  "k": 10,
  "gamma": 0.0,
  "beta": 0.0001,
  "noise_std": 0.001,
  "lr": 0.005,
  "out_dim": 68,
  "epochs": 2000,
  "adam_betas": [
    0.9,
    0.999
  ],
  "auc_roc": 0.8090121362228261,
  "auc_pr": 0.45451134861920595,
  "f1": 0.5200941055141963,
  "precision": 0.7316166470214888,
  "recall": 0.40345,
  "fpr": 0.012869565217391304,
  "acc": 0.940436,
  "best_threshold": 1.2933040925804917,
  "score_normal_mean": 0.4037556135602803,
  "score_anomaly_mean": 1.141172042748822,
  "separation_ratio": 2.8263930071115806,
  "train_time_s": 30.795491695404053
}