{
  "config_id": "M256_k5_g0_b0p001_e2000_lr5_n0.0005",
  "stage": 2,
  "base_id": "M256_k5_g0_b0p001",
  "memory_len": 256,
  "k": 5,
  "gamma": 0.0,
  "beta": 0.001,
  "noise_std": 0.0005,
  "lr": 0.005,
  "out_dim": 68,
  "epochs": 2000,
  "adam_betas": [
    0.9,
    0.999
  ],
  "auc_roc": 0.8093061191576086,
  "auc_pr": 0.4471308953491975,
  "f1": 0.5069684141973299,
  "precision": 0.726844070961718,
  "recall": 0.389225,
  "fpr": 0.012719565217391305,
  "acc": 0.939436,
  "best_threshold": 1.4268265603241634,
  "score_normal_mean": 0.4084586496577854,
  "score_anomaly_mean": 1.2246310303317007,
  "separation_ratio": 2.9981762691467555,
  "train_time_s": 28.415974140167236
}