{
  "config_id": "M256_k10_g0_b0p1_e2000_lr10_n0.0005",
  "stage": 2,
  "base_id": "M256_k10_g0_b0p1",
  "memory_len": 256,
  "k": 10,
  "gamma": 0.0,
  "beta": 0.1,
  "noise_std": 0.0005,
  "lr": 0.01,
  "out_dim": 68,
  "epochs": 2000,
  "adam_betas": [
    0.9,
    0.999
  ],
  "auc_roc": 0.8091066413315217,
  "auc_pr": 0.454385229742097,
  "f1": 0.5122617576270084,
  "precision": 0.7328308207705193,
  "recall": 0.39375,
  "fpr": 0.012482608695652174,
  "acc": 0.940016,
  "best_threshold": 1.3738626100003428,
  "score_normal_mean": 0.4010402323617797,
  "score_anomaly_mean": 1.1646411914758872,
  "separation_ratio": 2.9040507597383907,
  "train_time_s": 30.402151584625244
}