{
  "config_id": "M256_k3_g0_b0p01_e5000_lr20_n0.005",
  "stage": 2,
  "base_id": "M256_k3_g0_b0p01",
  "memory_len": 256,
  "k": 3,
  "gamma": 0.0,
  "beta": 0.01,
  "noise_std": 0.005,
  "lr": 0.02,
  "out_dim": 68,
  "epochs": 5000,
  "adam_betas": [
    0.9,
    0.999
  ],
  "auc_roc": 0.7919383235869565,
  "auc_pr": 0.34422277957573116,
  "f1": 0.4376923233681808,
  "precision": 0.3694059371882632,
  "recall": 0.53695,
  "fpr": 0.07970434782608696,
  "acc": 0.889628,
  "best_threshold": 0.634753450937442,
  "score_normal_mean": 0.37892387020411444,
  "score_anomaly_mean": 0.9097161549514189,
  "separation_ratio": 2.40078872429278,
  "train_time_s": 49.3881573677063
}