{
  "config_id": "M256_k3_g0_b0p1_e2000_lr20_n0.001",
  "stage": 2,
  "base_id": "M256_k3_g0_b0p1",
  "memory_len": 256,
  "k": 3,
  "gamma": 0.0,
  "beta": 0.1,
  "noise_std": 0.001,
  "lr": 0.02,
  "out_dim": 68,
  "epochs": 2000,
  "adam_betas": [
    0.9,
    0.999
  ],
  "auc_roc": 0.7942059633695652,
  "auc_pr": 0.3717145181102857,
  "f1": 0.414698116683187,
  "precision": 0.3194281158362725,
  "recall": 0.59095,
  "fpr": 0.10948478260869565,
  "acc": 0.86655,
  "best_threshold": 0.705693460375055,
  "score_normal_mean": 0.4352767258189194,
  "score_anomaly_mean": 1.146627792374456,
  "separation_ratio": 2.634250177785677,
  "train_time_s": 28.21016788482666
}