{
  "config_id": "M256_k5_g0_b0p0001_e2000_lr10_n0.001",
  "stage": 2,
  "base_id": "M256_k5_g0_b0p0001",
  "memory_len": 256,
  "k": 5,
  "gamma": 0.0,
  "beta": 0.0001,
  "noise_std": 0.001,
  "lr": 0.01,
  "out_dim": 68,
  "epochs": 2000,
  "adam_betas": [
    0.9,
    0.999
  ],
  "auc_roc": 0.8091362895923913,
  "auc_pr": 0.4455693570620527,
  "f1": 0.5053080514091407,
  "precision": 0.4688054753502299,
  "recall": 0.547975,
  "fpr": 0.053991304347826084,
  "acc": 0.914166,
  "best_threshold": 0.8340326647283929,
  "score_normal_mean": 0.4075341580157815,
  "score_anomaly_mean": 1.245366782508193,
  "separation_ratio": 3.0558586513868784,
  "train_time_s": 28.976662397384644
}