{
  "config_id": "M256_k10_g0_b0p001_e5000_lr10_n0.005",
  "stage": 2,
  "base_id": "M256_k10_g0_b0p001",
  "memory_len": 256,
  "k": 10,
  "gamma": 0.0,
  "beta": 0.001,
  "noise_std": 0.005,
  "lr": 0.01,
  "out_dim": 68,
  "epochs": 5000,
  "adam_betas": [
    0.9,
    0.999
  ],
  "auc_roc": 0.8074913625543478,
  "auc_pr": 0.44746535078456984,
  "f1": 0.5035814207269645,
  "precision": 0.470079542252758,
  "recall": 0.542225,
  "fpr": 0.05315217391304348,
  "acc": 0.914478,
  "best_threshold": 0.8237595148911039,
  "score_normal_mean": 0.38817820828495647,
  "score_anomaly_mean": 1.1472397107998218,
  "separation_ratio": 2.9554459429047815,
  "train_time_s": 39.385738134384155
}