{
  "config_id": "M256_k10_g0_b0p0001_e5000_lr20_n0.005",
  "stage": 2,
  "base_id": "M256_k10_g0_b0p0001",
  "memory_len": 256,
  "k": 10,
  "gamma": 0.0,
  "beta": 0.0001,
  "noise_std": 0.005,
  "lr": 0.02,
  "out_dim": 68,
  "epochs": 5000,
  "adam_betas": [
    0.9,
    0.999
  ],
  "auc_roc": 0.8047971791847827,
  "auc_pr": 0.40932952431080294,
  "f1": 0.49744856727239145,
  "precision": 0.4621390879059591,
  "recall": 0.5386,
  "fpr": 0.054508695652173915,
  "acc": 0.91294,
  "best_threshold": 0.7749166287184397,
  "score_normal_mean": 0.3806050881029,
  "score_anomaly_mean": 0.9513952889361883,
  "separation_ratio": 2.4996914615050287,
  "train_time_s": 39.106236934661865
}