{
  "config_id": "M256_k3_g0_b0p1_e10000_lr10_n0.0005",
  "stage": 2,
  "base_id": "M256_k3_g0_b0p1",
  "memory_len": 256,
  "k": 3,
  "gamma": 0.0,
  "beta": 0.1,
  "noise_std": 0.0005,
  "lr": 0.01,
  "out_dim": 68,
  "epochs": 10000,
  "adam_betas": [
    0.9,
    0.999
  ],
  "auc_roc": 0.8039154013043478,
  "auc_pr": 0.40403089735057796,
  "f1": 0.4861114122774682,
  "precision": 0.4291840563617567,
  "recall": 0.56045,
  "fpr": 0.06481739130434783,
  "acc": 0.905204,
  "best_threshold": 0.7493112349747637,
  "score_normal_mean": 0.3953274885587369,
  "score_anomaly_mean": 1.2250849813733704,
  "separation_ratio": 3.0989117044193346,
  "train_time_s": 54.390278339385986
}