{
  "config_id": "M256_k10_g0_b0p01_e2000_lr10_n0.005",
  "stage": 2,
  "base_id": "M256_k10_g0_b0p01",
  "memory_len": 256,
  "k": 10,
  "gamma": 0.0,
  "beta": 0.01,
  "noise_std": 0.005,
  "lr": 0.01,
  "out_dim": 68,
  "epochs": 2000,
  "adam_betas": [
    0.9,
    0.999
  ],
  "auc_roc": 0.8090523166576087,
  "auc_pr": 0.45849991005563073,
  "f1": 0.5115736238085976,
  "precision": 0.7274571270514475,
  "recall": 0.3945,
  "fpr": 0.012852173913043479,
  "acc": 0.939736,
  "best_threshold": 1.3636434940221778,
  "score_normal_mean": 0.4000705722569253,
  "score_anomaly_mean": 1.157179876254598,
  "separation_ratio": 2.892439375699588,
  "train_time_s": 30.7813937664032
}