{
  "config_id": "M256_k5_g0_b0p001_e10000_lr10_n0.0005",
  "stage": 2,
  "base_id": "M256_k5_g0_b0p001",
  "memory_len": 256,
  "k": 5,
  "gamma": 0.0,
  "beta": 0.001,
  "noise_std": 0.0005,
  "lr": 0.01,
  "out_dim": 68,
  "epochs": 10000,
  "adam_betas": [
    0.9,
    0.999
  ],
  "auc_roc": 0.8053617272826087,
  "auc_pr": 0.4149508898976956,
  "f1": 0.4994132458329061,
  "precision": 0.4587929915639195,
  "recall": 0.547925,
  "fpr": 0.05620434782608696,
  "acc": 0.912126,
  "best_threshold": 0.7923261811787524,
  "score_normal_mean": 0.39134891425733215,
  "score_anomaly_mean": 1.1888882621214818,
  "separation_ratio": 3.037924007985688,
  "train_time_s": 53.0940318107605
}