{
  "config_id": "M256_k10_g0_b0p1_e5000_lr5_n0.001",
  "stage": 2,
  "base_id": "M256_k10_g0_b0p1",
  "memory_len": 256,
  "k": 10,
  "gamma": 0.0,
  "beta": 0.1,
  "noise_std": 0.001,
  "lr": 0.005,
  "out_dim": 68,
  "epochs": 5000,
  "adam_betas": [
    0.9,
    0.999
  ],
  "auc_roc": 0.8087752261956522,
  "auc_pr": 0.45005517385863475,
  "f1": 0.5086842190695712,
  "precision": 0.7252152179950014,
  "recall": 0.391725,
  "fpr": 0.012906521739130435,
  "acc": 0.939464,
  "best_threshold": 1.3891006786188074,
  "score_normal_mean": 0.39061012993407423,
  "score_anomaly_mean": 1.207374121084536,
  "separation_ratio": 3.0909954160387807,
  "train_time_s": 39.61485505104065
}