{
  "config_id": "M256_k5_g0_b1p0_e5000_lr5_n0.005",
  "stage": 2,
  "base_id": "M256_k5_g0_b1p0",
  "memory_len": 256,
  "k": 5,
  "gamma": 0.0,
  "beta": 1.0,
  "noise_std": 0.005,
  "lr": 0.005,
  "out_dim": 68,
  "epochs": 5000,
  "adam_betas": [
    0.9,
    0.999
  ],
  "auc_roc": 0.8095704660054348,
  "auc_pr": 0.4476944976120479,
  "f1": 0.50406410859023,
  "precision": 0.4654964321256908,
  "recall": 0.5496,
  "fpr": 0.05487608695652174,
  "acc": 0.913482,
  "best_threshold": 0.8260675672453329,
  "score_normal_mean": 0.40418176908616193,
  "score_anomaly_mean": 1.3187484315837366,
  "separation_ratio": 3.262760798354096,
  "train_time_s": 39.15002107620239
}