{
  "config_id": "M256_k10_g0_b0p0001_e5000_lr5_n0.0005",
  "stage": 2,
  "base_id": "M256_k10_g0_b0p0001",
  "memory_len": 256,
  "k": 10,
  "gamma": 0.0,
  "beta": 0.0001,
  "noise_std": 0.0005,
  "lr": 0.005,
  "out_dim": 68,
  "epochs": 5000,
  "adam_betas": [
    0.9,
    0.999
  ],
  "auc_roc": 0.8087801358695652,
  "auc_pr": 0.44908462694679124,
  "f1": 0.5090163400820259,
  "precision": 0.7292482745756389,
  "recall": 0.39095,
  "fpr": 0.012621739130434783,
  "acc": 0.939664,
  "best_threshold": 1.3932836575856495,
  "score_normal_mean": 0.39033778072845393,
  "score_anomaly_mean": 1.2082593382911997,
  "separation_ratio": 3.0954199105101456,
  "train_time_s": 39.102084159851074
}