{
  "config_id": "M256_k3_g0_b1p0_e10000_lr20_n0.0005",
  "stage": 2,
  "base_id": "M256_k3_g0_b1p0",
  "memory_len": 256,
  "k": 3,
  "gamma": 0.0,
  "beta": 1.0,
  "noise_std": 0.0005,
  "lr": 0.02,
  "out_dim": 68,
  "epochs": 10000,
  "adam_betas": [
    0.9,
    0.999
  ],
  "auc_roc": 0.7900286731521738,
  "auc_pr": 0.3259850172239134,
  "f1": 0.4376651959184103,
  "precision": 0.37809071557229407,
  "recall": 0.519525,
  "fpr": 0.0743086956521739,
  "acc": 0.893198,
  "best_threshold": 0.6645083065086218,
  "score_normal_mean": 0.3852176983748783,
  "score_anomaly_mean": 0.9084039220974323,
  "separation_ratio": 2.3581572859443503,
  "train_time_s": 53.02673292160034
}