{
  "config_id": "M256_k5_g0_b0p0001_e2000_lr20_n0.005",
  "stage": 2,
  "base_id": "M256_k5_g0_b0p0001",
  "memory_len": 256,
  "k": 5,
  "gamma": 0.0,
  "beta": 0.0001,
  "noise_std": 0.005,
  "lr": 0.02,
  "out_dim": 68,
  "epochs": 2000,
  "adam_betas": [
    0.9,
    0.999
  ],
  "auc_roc": 0.8050578398913044,
  "auc_pr": 0.41198707460664663,
  "f1": 0.48226713806061416,
  "precision": 0.43424898890802066,
  "recall": 0.542225,
  "fpr": 0.06142826086956522,
  "acc": 0.906864,
  "best_threshold": 0.8036328987423781,
  "score_normal_mean": 0.3995268055047254,
  "score_anomaly_mean": 1.1001876134492476,
  "separation_ratio": 2.753726654358953,
  "train_time_s": 29.466717004776
}