{
  "config_id": "M256_k10_g0_b1p0_e10000_lr20_n0.001",
  "stage": 2,
  "base_id": "M256_k10_g0_b1p0",
  "memory_len": 256,
  "k": 10,
  "gamma": 0.0,
  "beta": 1.0,
  "noise_std": 0.001,
  "lr": 0.02,
  "out_dim": 68,
  "epochs": 10000,
  "adam_betas": [
    0.9,
    0.999
  ],
  "auc_roc": 0.8014069913858695,
  "auc_pr": 0.3780978468711403,
  "f1": 0.48895411364043734,
  "precision": 0.4429806755440078,
  "recall": 0.545575,
  "fpr": 0.05965434782608696,
  "acc": 0.908764,
  "best_threshold": 0.7275207016969854,
  "score_normal_mean": 0.3746227358221369,
  "score_anomaly_mean": 0.9117850902964476,
  "separation_ratio": 2.4338754782073457,
  "train_time_s": 53.131515979766846
}