{
  "config_id": "M256_k10_g0_b0p001_e2000_lr20_n0.001",
  "stage": 2,
  "base_id": "M256_k10_g0_b0p001",
  "memory_len": 256,
  "k": 10,
  "gamma": 0.0,
  "beta": 0.001,
  "noise_std": 0.001,
  "lr": 0.02,
  "out_dim": 68,
  "epochs": 2000,
  "adam_betas": [
    0.9,
    0.999
  ],
  "auc_roc": 0.8063581680706522,
  "auc_pr": 0.4208436563729908,
  "f1": 0.500665532368022,
  "precision": 0.46615082871737396,
  "recall": 0.5407,
  "fpr": 0.053845652173913044,
  "acc": 0.913718,
  "best_threshold": 0.8238946845407417,
  "score_normal_mean": 0.39609398218279673,
  "score_anomaly_mean": 1.0566610984202984,
  "separation_ratio": 2.6677029845221205,
  "train_time_s": 30.966668605804443
}