{
  "drift_type": "B",
  "drift_name": "Longer Trips (+100% dist)",
  "intensity": 1.0,
  "drift_start_pct": 0.5,
  "drift_end_pct": 0.75,
  "n_drift_points": 25000,
  "n_total": 100000,
  "memstream_streaming": {
    "auc_pr": 0.8672660226254676,
    "auc_roc": 0.9744878558393304,
    "f1": 0.4281795961656865,
    "precision": 0.2724099999999997,
    "recall": 0.9999999999999964,
    "separation_ratio": 4.7668752568076345
  },
  "memstream_static": {
    "auc_pr": 0.9593038785429123,
    "auc_roc": 0.993323347833225,
    "f1": 0.4281795961656865,
    "precision": 0.2724099999999997,
    "recall": 0.9999999999999964,
    "separation_ratio": 3.292925976829993
  },
  "isolation_forest": {
    "auc_pr": 0.453940617471042,
    "auc_roc": 0.7640125774635973,
    "f1": 0.48381276236383364,
    "precision": 0.45869658189952806,
    "recall": 0.5118387724386018,
    "separation_ratio": 1.0834547054935717
  },
  "inc_pca": {
    "auc_pr": 0.8285384992007074,
    "auc_roc": 0.9627787740562094,
    "f1": 0.9101223246211477,
    "precision": 0.8362752936834958,
    "recall": 0.998274659520572,
    "separation_ratio": 3.0680871931463316
  },
  "windows_streaming": [
    {
      "window": 1,
      "start": 0,
      "end": 20000,
      "auc_pr": 0.8749188951790962,
      "auc_roc": 0.9903889255519168,
      "f1": 0.057875315589640604,
      "recall": 0.9999999999998321,
      "precision": 0.029799999999999854,
      "score_normal_mean": 33.456275120884385,
      "score_anomaly_mean": 260.46349161583305,
      "separation_ratio": 7.785190989551182
    },
    {
      "window": 2,
      "start": 20000,
      "end": 40000,
      "auc_pr": 0.9183566266017449,
      "auc_roc": 0.9919655253713356,
      "f1": 0.057309373476705686,
      "recall": 0.9999999999998305,
      "precision": 0.029499999999999856,
      "score_normal_mean": 27.291526043924826,
      "score_anomaly_mean": 272.5535733077486,
      "separation_ratio": 9.986747273424132
    },
    {
      "window": 3,
      "start": 40000,
      "end": 60000,
      "auc_pr": 0.9830648076877732,
      "auc_roc": 0.993514900999485,
      "f1": 0.6793449550528651,
      "recall": 0.9999999999999902,
      "precision": 0.5143999999999975,
      "score_normal_mean": 28.79563818977535,
      "score_anomaly_mean": 136.21678250833395,
      "separation_ratio": 4.730465829933516
    },
    {
      "window": 4,
      "start": 60000,
      "end": 80000,
      "auc_pr": 0.9697635599232294,
      "auc_roc": 0.9657332957700929,
      "f1": 0.8618903999964733,
      "recall": 0.9999999999999934,
      "precision": 0.7572999999999963,
      "score_normal_mean": 32.530437452782316,
      "score_anomaly_mean": 139.3693192819615,
      "separation_ratio": 4.284274365625319
    },
    {
      "window": 5,
      "start": 80000,
      "end": 100000,
      "auc_pr": 0.8799945127449681,
      "auc_roc": 0.9891779030357996,
      "f1": 0.0602298627554206,
      "recall": 0.9999999999998389,
      "precision": 0.03104999999999985,
      "score_normal_mean": 31.96055023214619,
      "score_anomaly_mean": 260.9116110532948,
      "separation_ratio": 8.163551915012132
    }
  ],
  "windows_static": [
    {
      "window": 1,
      "start": 0,
      "end": 20000,
      "auc_pr": 0.9060213810544806,
      "auc_roc": 0.990617377721884,
      "f1": 0.057875315589640604,
      "recall": 0.9999999999998321,
      "precision": 0.029799999999999854,
      "score_normal_mean": 43.03055965539181,
      "score_anomaly_mean": 234.65656697510073,
      "separation_ratio": 5.453253893367675
    },
    {
      "window": 2,
      "start": 20000,
      "end": 40000,
      "auc_pr": 0.9312591464616322,
      "auc_roc": 0.9909132109082336,
      "f1": 0.057309373476705686,
      "recall": 0.9999999999998305,
      "precision": 0.029499999999999856,
      "score_normal_mean": 41.00766209371921,
      "score_anomaly_mean": 245.07486140364307,
      "separation_ratio": 5.97631878752194
    },
    {
      "window": 3,
      "start": 40000,
      "end": 60000,
      "auc_pr": 0.9896160389122453,
      "auc_roc": 0.9962489537321836,
      "f1": 0.6793449550528651,
      "recall": 0.9999999999999902,
      "precision": 0.5143999999999975,
      "score_normal_mean": 44.16869246193762,
      "score_anomaly_mean": 134.68818327464732,
      "separation_ratio": 3.0494039050490334
    },
    {
      "window": 4,
      "start": 60000,
      "end": 80000,
      "auc_pr": 0.9909187251788751,
      "auc_roc": 0.991053090667401,
      "f1": 0.8618903999964733,
      "recall": 0.9999999999999934,
      "precision": 0.7572999999999963,
      "score_normal_mean": 42.59190144674445,
      "score_anomaly_mean": 132.74380065074735,
      "separation_ratio": 3.1166441539693706
    },
    {
      "window": 5,
      "start": 80000,
      "end": 100000,
      "auc_pr": 0.9073502595617757,
      "auc_roc": 0.991213657495177,
      "f1": 0.0602298627554206,
      "recall": 0.9999999999998389,
      "precision": 0.03104999999999985,
      "score_normal_mean": 43.21142116056285,
      "score_anomaly_mean": 235.44185371828925,
      "separation_ratio": 5.448602415618344
    }
  ]
}