{
  "drift_type": "C",
  "drift_name": "Traffic Jam (-50% speed)",
  "intensity": 1.0,
  "drift_start_pct": 0.5,
  "drift_end_pct": 0.75,
  "n_drift_points": 25000,
  "n_total": 100000,
  "memstream_streaming": {
    "auc_pr": 0.8607509331305312,
    "auc_roc": 0.9732460970949622,
    "f1": 0.4281795961656865,
    "precision": 0.2724099999999997,
    "recall": 0.9999999999999964,
    "separation_ratio": 4.383540246798885
  },
  "memstream_static": {
    "auc_pr": 0.94610330242511,
    "auc_roc": 0.9905778723796068,
    "f1": 0.4281795961656865,
    "precision": 0.2724099999999997,
    "recall": 0.9999999999999964,
    "separation_ratio": 3.0084448182993957
  },
  "isolation_forest": {
    "auc_pr": 0.44542784433207294,
    "auc_roc": 0.7564236899127151,
    "f1": 0.482940153911244,
    "precision": 0.4398142564226256,
    "recall": 0.5354428985720036,
    "separation_ratio": 1.0786943283908321
  },
  "inc_pca": {
    "auc_pr": 0.9680496799448244,
    "auc_roc": 0.9940416106721855,
    "f1": 0.9104847348191584,
    "precision": 0.8367842968341359,
    "recall": 0.9984214970081826,
    "separation_ratio": 4.500914890744147
  },
  "windows_streaming": [
    {
      "window": 1,
      "start": 0,
      "end": 20000,
      "auc_pr": 0.8749188951790962,
      "auc_roc": 0.9903889255519168,
      "f1": 0.057875315589640604,
      "recall": 0.9999999999998321,
      "precision": 0.029799999999999854,
      "score_normal_mean": 33.456275120884385,
      "score_anomaly_mean": 260.46349161583305,
      "separation_ratio": 7.785190989551182
    },
    {
      "window": 2,
      "start": 20000,
      "end": 40000,
      "auc_pr": 0.9183566266017449,
      "auc_roc": 0.9919655253713356,
      "f1": 0.057309373476705686,
      "recall": 0.9999999999998305,
      "precision": 0.029499999999999856,
      "score_normal_mean": 27.291526043924826,
      "score_anomaly_mean": 272.5535733077486,
      "separation_ratio": 9.986747273424132
    },
    {
      "window": 3,
      "start": 40000,
      "end": 60000,
      "auc_pr": 0.9795995602665903,
      "auc_roc": 0.9922216783488899,
      "f1": 0.6793449550528651,
      "recall": 0.9999999999999902,
      "precision": 0.5143999999999975,
      "score_normal_mean": 28.79563818977535,
      "score_anomaly_mean": 123.93897297964496,
      "separation_ratio": 4.304088423475968
    },
    {
      "window": 4,
      "start": 60000,
      "end": 80000,
      "auc_pr": 0.9674374910484178,
      "auc_roc": 0.9640773085655342,
      "f1": 0.8618903999964733,
      "recall": 0.9999999999999934,
      "precision": 0.7572999999999963,
      "score_normal_mean": 32.530437452782316,
      "score_anomaly_mean": 126.52263197111168,
      "separation_ratio": 3.8893615296249666
    },
    {
      "window": 5,
      "start": 80000,
      "end": 100000,
      "auc_pr": 0.8799945127449681,
      "auc_roc": 0.9891779030357996,
      "f1": 0.0602298627554206,
      "recall": 0.9999999999998389,
      "precision": 0.03104999999999985,
      "score_normal_mean": 31.96055023214619,
      "score_anomaly_mean": 260.9116110532948,
      "separation_ratio": 8.163551915012132
    }
  ],
  "windows_static": [
    {
      "window": 1,
      "start": 0,
      "end": 20000,
      "auc_pr": 0.9060213810544806,
      "auc_roc": 0.990617377721884,
      "f1": 0.057875315589640604,
      "recall": 0.9999999999998321,
      "precision": 0.029799999999999854,
      "score_normal_mean": 43.03055965539181,
      "score_anomaly_mean": 234.65656697510073,
      "separation_ratio": 5.453253893367675
    },
    {
      "window": 2,
      "start": 20000,
      "end": 40000,
      "auc_pr": 0.9312591464616322,
      "auc_roc": 0.9909132109082336,
      "f1": 0.057309373476705686,
      "recall": 0.9999999999998305,
      "precision": 0.029499999999999856,
      "score_normal_mean": 41.00766209371921,
      "score_anomaly_mean": 245.07486140364307,
      "separation_ratio": 5.97631878752194
    },
    {
      "window": 3,
      "start": 40000,
      "end": 60000,
      "auc_pr": 0.9851898686635376,
      "auc_roc": 0.9942150317159064,
      "f1": 0.6793449550528651,
      "recall": 0.9999999999999902,
      "precision": 0.5143999999999975,
      "score_normal_mean": 44.16869246193762,
      "score_anomaly_mean": 121.84103160957527,
      "separation_ratio": 2.758538340574513
    },
    {
      "window": 4,
      "start": 60000,
      "end": 80000,
      "auc_pr": 0.9879798022255717,
      "auc_roc": 0.9874000669000006,
      "f1": 0.8618903999964733,
      "recall": 0.9999999999999934,
      "precision": 0.7572999999999963,
      "score_normal_mean": 42.59190144674445,
      "score_anomaly_mean": 119.64213591303235,
      "separation_ratio": 2.8090348598864066
    },
    {
      "window": 5,
      "start": 80000,
      "end": 100000,
      "auc_pr": 0.9073502595617757,
      "auc_roc": 0.991213657495177,
      "f1": 0.0602298627554206,
      "recall": 0.9999999999998389,
      "precision": 0.03104999999999985,
      "score_normal_mean": 43.21142116056285,
      "score_anomaly_mean": 235.44185371828925,
      "separation_ratio": 5.448602415618344
    }
  ]
}