{
  "drift_type": "D",
  "drift_name": "Multi-dimensional Shift",
  "intensity": 1.0,
  "drift_start_pct": 0.5,
  "drift_end_pct": 0.75,
  "n_drift_points": 25000,
  "n_total": 100000,
  "memstream_streaming": {
    "auc_pr": 0.8627273847714461,
    "auc_roc": 0.9736642032134765,
    "f1": 0.4281795961656865,
    "precision": 0.2724099999999997,
    "recall": 0.9999999999999964,
    "separation_ratio": 4.549569258716445
  },
  "memstream_static": {
    "auc_pr": 0.9521518768488153,
    "auc_roc": 0.9920017746228327,
    "f1": 0.4281795961656865,
    "precision": 0.2724099999999997,
    "recall": 0.9999999999999964,
    "separation_ratio": 3.1183199197433606
  },
  "isolation_forest": {
    "auc_pr": 0.4566226481520403,
    "auc_roc": 0.7736709812713792,
    "f1": 0.4793713162565454,
    "precision": 0.46284776813179146,
    "recall": 0.49711831430564046,
    "separation_ratio": 1.0840338430677217
  },
  "inc_pca": {
    "auc_pr": 0.9707443345189302,
    "auc_roc": 0.9947898100218435,
    "f1": 0.910502970910298,
    "precision": 0.8367893182377528,
    "recall": 0.9984582063800852,
    "separation_ratio": 4.598234461176611
  },
  "windows_streaming": [
    {
      "window": 1,
      "start": 0,
      "end": 20000,
      "auc_pr": 0.8749188951790962,
      "auc_roc": 0.9903889255519168,
      "f1": 0.057875315589640604,
      "recall": 0.9999999999998321,
      "precision": 0.029799999999999854,
      "score_normal_mean": 33.456275120884385,
      "score_anomaly_mean": 260.46349161583305,
      "separation_ratio": 7.785190989551182
    },
    {
      "window": 2,
      "start": 20000,
      "end": 40000,
      "auc_pr": 0.9183566266017449,
      "auc_roc": 0.9919655253713356,
      "f1": 0.057309373476705686,
      "recall": 0.9999999999998305,
      "precision": 0.029499999999999856,
      "score_normal_mean": 27.291526043924826,
      "score_anomaly_mean": 272.5535733077486,
      "separation_ratio": 9.986747273424132
    },
    {
      "window": 3,
      "start": 40000,
      "end": 60000,
      "auc_pr": 0.9808924881798174,
      "auc_roc": 0.9928552238368592,
      "f1": 0.6793449550528651,
      "recall": 0.9999999999999902,
      "precision": 0.5143999999999975,
      "score_normal_mean": 28.79563818977535,
      "score_anomaly_mean": 129.64795256699225,
      "separation_ratio": 4.502346907962504
    },
    {
      "window": 4,
      "start": 60000,
      "end": 80000,
      "auc_pr": 0.9680140116040452,
      "auc_roc": 0.9645259836261486,
      "f1": 0.8618903999964733,
      "recall": 0.9999999999999934,
      "precision": 0.7572999999999963,
      "score_normal_mean": 32.530437452782316,
      "score_anomaly_mean": 131.82099662374256,
      "separation_ratio": 4.052235596729202
    },
    {
      "window": 5,
      "start": 80000,
      "end": 100000,
      "auc_pr": 0.8799945127449681,
      "auc_roc": 0.9891779030357996,
      "f1": 0.0602298627554206,
      "recall": 0.9999999999998389,
      "precision": 0.03104999999999985,
      "score_normal_mean": 31.96055023214619,
      "score_anomaly_mean": 260.9116110532948,
      "separation_ratio": 8.163551915012132
    }
  ],
  "windows_static": [
    {
      "window": 1,
      "start": 0,
      "end": 20000,
      "auc_pr": 0.9060213810544806,
      "auc_roc": 0.990617377721884,
      "f1": 0.057875315589640604,
      "recall": 0.9999999999998321,
      "precision": 0.029799999999999854,
      "score_normal_mean": 43.03055965539181,
      "score_anomaly_mean": 234.65656697510073,
      "separation_ratio": 5.453253893367675
    },
    {
      "window": 2,
      "start": 20000,
      "end": 40000,
      "auc_pr": 0.9312591464616322,
      "auc_roc": 0.9909132109082336,
      "f1": 0.057309373476705686,
      "recall": 0.9999999999998305,
      "precision": 0.029499999999999856,
      "score_normal_mean": 41.00766209371921,
      "score_anomaly_mean": 245.07486140364307,
      "separation_ratio": 5.97631878752194
    },
    {
      "window": 3,
      "start": 40000,
      "end": 60000,
      "auc_pr": 0.9867277356061275,
      "auc_roc": 0.9950230419118834,
      "f1": 0.6793449550528651,
      "recall": 0.9999999999999902,
      "precision": 0.5143999999999975,
      "score_normal_mean": 44.16869246193762,
      "score_anomaly_mean": 125.71003348237805,
      "separation_ratio": 2.8461343652050397
    },
    {
      "window": 4,
      "start": 60000,
      "end": 80000,
      "auc_pr": 0.9893665531843974,
      "auc_roc": 0.9895066130400266,
      "f1": 0.8618903999964733,
      "recall": 0.9999999999999934,
      "precision": 0.7572999999999963,
      "score_normal_mean": 42.59190144674445,
      "score_anomaly_mean": 125.44478196769099,
      "separation_ratio": 2.9452731084158943
    },
    {
      "window": 5,
      "start": 80000,
      "end": 100000,
      "auc_pr": 0.9073502595617757,
      "auc_roc": 0.991213657495177,
      "f1": 0.0602298627554206,
      "recall": 0.9999999999998389,
      "precision": 0.03104999999999985,
      "score_normal_mean": 43.21142116056285,
      "score_anomaly_mean": 235.44185371828925,
      "separation_ratio": 5.448602415618344
    }
  ]
}