{
  "drift_type": "A",
  "drift_name": "Price Surge (+50% fare)",
  "intensity": 1.0,
  "drift_start_pct": 0.5,
  "drift_end_pct": 0.75,
  "n_drift_points": 25000,
  "n_total": 100000,
  "memstream_streaming": {
    "auc_pr": 0.33406641847342244,
    "auc_roc": 0.46210249599415454,
    "f1": 0.4281795961656865,
    "precision": 0.2724099999999997,
    "recall": 0.9999999999999964,
    "separation_ratio": 1.3866302966764412
  },
  "memstream_static": {
    "auc_pr": 0.8917048772868017,
    "auc_roc": 0.9773270529798223,
    "f1": 0.4281795961656865,
    "precision": 0.2724099999999997,
    "recall": 0.9999999999999964,
    "separation_ratio": 2.5581637359193565
  },
  "isolation_forest": {
    "auc_pr": 0.4355858261505728,
    "auc_roc": 0.7395069514154509,
    "f1": 0.4668474156959719,
    "precision": 0.4383115836958259,
    "recall": 0.4993575859917019,
    "separation_ratio": 1.0750424552359465
  },
  "inc_pca": {
    "auc_pr": 0.8730168989121585,
    "auc_roc": 0.9739515823641633,
    "f1": 0.910502970910298,
    "precision": 0.8367893182377528,
    "recall": 0.9984582063800852,
    "separation_ratio": 3.6327124318197486
  },
  "windows_streaming": [
    {
      "window": 1,
      "start": 0,
      "end": 20000,
      "auc_pr": 0.8749188951790962,
      "auc_roc": 0.9903889255519168,
      "f1": 0.057875315589640604,
      "recall": 0.9999999999998321,
      "precision": 0.029799999999999854,
      "score_normal_mean": 33.456275120884385,
      "score_anomaly_mean": 260.46349161583305,
      "separation_ratio": 7.785190989551182
    },
    {
      "window": 2,
      "start": 20000,
      "end": 40000,
      "auc_pr": 0.9183566266017449,
      "auc_roc": 0.9919655253713356,
      "f1": 0.057309373476705686,
      "recall": 0.9999999999998305,
      "precision": 0.029499999999999856,
      "score_normal_mean": 27.291526043924826,
      "score_anomaly_mean": 272.5535733077486,
      "separation_ratio": 9.986747273424132
    },
    {
      "window": 3,
      "start": 40000,
      "end": 60000,
      "auc_pr": 0.6078262728763655,
      "auc_roc": 0.5128867487849121,
      "f1": 0.6793449550528651,
      "recall": 0.9999999999999902,
      "precision": 0.5143999999999975,
      "score_normal_mean": 28.79563818977535,
      "score_anomaly_mean": 46.75854918328266,
      "separation_ratio": 1.623806663876029
    },
    {
      "window": 4,
      "start": 60000,
      "end": 80000,
      "auc_pr": 0.6001048743806672,
      "auc_roc": 0.06803418842480913,
      "f1": 0.8618903999964733,
      "recall": 0.9999999999999934,
      "precision": 0.7572999999999963,
      "score_normal_mean": 94.47314962851544,
      "score_anomaly_mean": 38.31813733782051,
      "separation_ratio": 0.40559817777276835
    },
    {
      "window": 5,
      "start": 80000,
      "end": 100000,
      "auc_pr": 0.8390856082325905,
      "auc_roc": 0.9884964375751131,
      "f1": 0.0602298627554206,
      "recall": 0.9999999999998389,
      "precision": 0.03104999999999985,
      "score_normal_mean": 54.8207265010491,
      "score_anomaly_mean": 272.74029414166193,
      "separation_ratio": 4.975130968684718
    }
  ],
  "windows_static": [
    {
      "window": 1,
      "start": 0,
      "end": 20000,
      "auc_pr": 0.9060213810544806,
      "auc_roc": 0.990617377721884,
      "f1": 0.057875315589640604,
      "recall": 0.9999999999998321,
      "precision": 0.029799999999999854,
      "score_normal_mean": 43.03055965539181,
      "score_anomaly_mean": 234.65656697510073,
      "separation_ratio": 5.453253893367675
    },
    {
      "window": 2,
      "start": 20000,
      "end": 40000,
      "auc_pr": 0.9312591464616322,
      "auc_roc": 0.9909132109082336,
      "f1": 0.057309373476705686,
      "recall": 0.9999999999998305,
      "precision": 0.029499999999999856,
      "score_normal_mean": 41.00766209371921,
      "score_anomaly_mean": 245.07486140364307,
      "separation_ratio": 5.97631878752194
    },
    {
      "window": 3,
      "start": 40000,
      "end": 60000,
      "auc_pr": 0.9748884368610301,
      "auc_roc": 0.9896461921376066,
      "f1": 0.6793449550528651,
      "recall": 0.9999999999999902,
      "precision": 0.5143999999999975,
      "score_normal_mean": 44.16869246193762,
      "score_anomaly_mean": 103.07830355030197,
      "separation_ratio": 2.3337413404052283
    },
    {
      "window": 4,
      "start": 60000,
      "end": 80000,
      "auc_pr": 0.974282045837585,
      "auc_roc": 0.9669767211828766,
      "f1": 0.8618903999964733,
      "recall": 0.9999999999999934,
      "precision": 0.7572999999999963,
      "score_normal_mean": 42.59190144674445,
      "score_anomaly_mean": 97.83687558332177,
      "separation_ratio": 2.2970769620469786
    },
    {
      "window": 5,
      "start": 80000,
      "end": 100000,
      "auc_pr": 0.9073502595617757,
      "auc_roc": 0.991213657495177,
      "f1": 0.0602298627554206,
      "recall": 0.9999999999998389,
      "precision": 0.03104999999999985,
      "score_normal_mean": 43.21142116056285,
      "score_anomaly_mean": 235.44185371828925,
      "separation_ratio": 5.448602415618344
    }
  ]
}