{
  "timestamp": "2026-05-14T14:47:31.187807",
  "n_warmup": 180000,
  "n_test": 120000,
  "n_anomalies": 477,
  "results": [
    {
      "precision": 0.003975,
      "recall": 1.0,
      "f1": 0.007918523867626186,
      "fpr": 1.0,
      "auc_roc": 0.6258006778902813,
      "auc_pr": 0.24421523428001077,
      "tp": 477,
      "fp": 119523,
      "tn": 0,
      "fn": 0,
      "n_detected": 120000,
      "name": "mem512_g05",
      "config": {
        "name": "mem512_g05",
        "memory_len": 512,
        "gamma": 0.5
      }
    },
    {
      "precision": 0.003975,
      "recall": 1.0,
      "f1": 0.007918523867626186,
      "fpr": 1.0,
      "auc_roc": 0.6148137834615167,
      "auc_pr": 0.24011143080152617,
      "tp": 477,
      "fp": 119523,
      "tn": 0,
      "fn": 0,
      "n_detected": 120000,
      "name": "mem1024_g05",
      "config": {
        "name": "mem1024_g05",
        "memory_len": 1024,
        "gamma": 0.5
      }
    },
    {
      "precision": 0.003975,
      "recall": 1.0,
      "f1": 0.007918523867626186,
      "fpr": 1.0,
      "auc_roc": 0.6148137834615167,
      "auc_pr": 0.24011143080152617,
      "tp": 477,
      "fp": 119523,
      "tn": 0,
      "fn": 0,
      "n_detected": 120000,
      "name": "mem1024_g05_k10",
      "config": {
        "name": "mem1024_g05_k10",
        "memory_len": 1024,
        "gamma": 0.5,
        "k": 10
      }
    }
  ]
}