{
  "version": "2.0",
  "percentile": 98,
  "old_percentile": 95,
  "global_threshold": 0.9800761743520704,
  "old_global_threshold": 0.950190435880176,
  "thresholds": {
    "short_night_weekday_zone_high_volume_1": 0.977541453599452,
    "short_night_weekday_zone_medium_volume": 0.9800989448396473,
    "short_night_weekday_zone_high_volume_2": 0.9790079881141716,
    "short_night_weekday_zone_airports": 0.9695234525277701,
    "short_night_weekday_zone_low_volume_2": 0.9796202940759589,
    "short_night_weekday_zone_low_volume_1": 0.9802424036718809,
    "short_night_weekend_zone_high_volume_1": 0.9740814113788718,
    "short_night_weekend_zone_medium_volume": 0.9802471268755004,
    "short_night_weekend_zone_high_volume_2": 0.9775070581937457,
    "short_night_weekend_zone_low_volume_2": 0.9805548052040254,
    "short_night_weekend_zone_low_volume_1": 0.9793120616842375,
    "short_morning_weekday_zone_high_volume_1": 0.9794630407916489,
    "short_morning_weekday_zone_medium_volume": 0.9803502136013912,
    "short_morning_weekday_zone_high_volume_2": 0.9801719247916316,
    "short_morning_weekday_zone_airports": 0.9806948412914839,
    "short_morning_weekday_zone_low_volume_2": 0.9799630078889532,
    "short_morning_weekday_zone_low_volume_1": 0.9797510272151915,
    "short_morning_weekend_zone_high_volume_1": 0.9805787337763507,
    "short_morning_weekend_zone_medium_volume": 0.9799501614470818,
    "short_morning_weekend_zone_high_volume_2": 0.9793554476839221,
    "short_morning_weekend_zone_airports": 0.9797864146431013,
    "short_morning_weekend_zone_low_volume_2": 0.9803703954220493,
    "short_morning_weekend_zone_low_volume_1": 0.9803218140586178,
    "short_afternoon_weekday_zone_high_volume_1": 0.9802046450370984,
    "short_afternoon_weekday_zone_medium_volume": 0.9799250877250947,
    "short_afternoon_weekday_zone_high_volume_2": 0.9801284683021909,
    "short_afternoon_weekday_zone_airports": 0.9807953028936826,
    "short_afternoon_weekday_zone_low_volume_2": 0.9801892523309881,
    "short_afternoon_weekday_zone_low_volume_1": 0.9799180197778832,
    "short_afternoon_weekend_zone_high_volume_1": 0.9800104632343369,
    "short_afternoon_weekend_zone_medium_volume": 0.9806546839755115,
    "short_afternoon_weekend_zone_high_volume_2": 0.9808241286487065,
    "short_afternoon_weekend_zone_airports": 0.9671704565042513,
    "short_afternoon_weekend_zone_low_volume_2": 0.9801566654412972,
    "short_afternoon_weekend_zone_low_volume_1": 0.9797661493111545,
    "short_evening_weekday_zone_high_volume_1": 0.980271964335466,
    "short_evening_weekday_zone_medium_volume": 0.9803961517737001,
    "short_evening_weekday_zone_high_volume_2": 0.9795307265714052,
    "short_evening_weekday_zone_airports": 0.978650984993852,
    "short_evening_weekday_zone_low_volume_2": 0.9803979490232203,
    "short_evening_weekday_zone_low_volume_1": 0.9799838829756868,
    "short_evening_weekend_zone_high_volume_1": 0.9806958602304365,
    "short_evening_weekend_zone_medium_volume": 0.9807927911872149,
    "short_evening_weekend_zone_high_volume_2": 0.979464852872085,
    "short_evening_weekend_zone_airports": 0.977930720014292,
    "short_evening_weekend_zone_low_volume_2": 0.979613963043456,
    "short_evening_weekend_zone_low_volume_1": 0.9799812175504284,
    "medium_night_weekday_zone_high_volume_1": 0.9793463191110208,
    "medium_night_weekday_zone_medium_volume": 0.9801092302230365,
    "medium_night_weekday_zone_high_volume_2": 0.9780171268300606,
    "medium_night_weekday_zone_airports": 0.9764719836288489,
    "medium_night_weekday_zone_low_volume_2": 0.9809666035926998,
    "medium_night_weekday_zone_low_volume_1": 0.9812383034472052,
    "medium_night_weekend_zone_high_volume_1": 0.982978186679598,
    "medium_night_weekend_zone_medium_volume": 0.9802091662596653,
    "medium_night_weekend_zone_high_volume_2": 0.9766623339095057,
    "medium_night_weekend_zone_airports": 0.9816860055988668,
    "medium_night_weekend_zone_low_volume_2": 0.9797386656897523,
    "medium_night_weekend_zone_low_volume_1": 0.9798554326947485,
    "medium_morning_weekday_zone_high_volume_1": 0.9795144504366288,
    "medium_morning_weekday_zone_medium_volume": 0.9805325958612663,
    "medium_morning_weekday_zone_high_volume_2": 0.9811447096065615,
    "medium_morning_weekday_zone_airports": 0.9821972917714629,
    "medium_morning_weekday_zone_low_volume_2": 0.979203978361361,
    "medium_morning_weekday_zone_low_volume_1": 0.9797083214193508,
    "medium_morning_weekend_zone_high_volume_1": 0.9788977888096752,
    "medium_morning_weekend_zone_medium_volume": 0.9782675354976553,
    "medium_morning_weekend_zone_high_volume_2": 0.9809977684680206,
    "medium_morning_weekend_zone_airports": 0.9827520085045034,
    "medium_morning_weekend_zone_low_volume_2": 0.9815405874489053,
    "medium_morning_weekend_zone_low_volume_1": 0.9814686110813671,
    "medium_afternoon_weekday_zone_high_volume_1": 0.9796685200639895,
    "medium_afternoon_weekday_zone_medium_volume": 0.9797227074100483,
    "medium_afternoon_weekday_zone_high_volume_2": 0.979809461203337,
    "medium_afternoon_weekday_zone_airports": 0.9802712239140977,
    "medium_afternoon_weekday_zone_low_volume_2": 0.9806548053168591,
    "medium_afternoon_weekday_zone_low_volume_1": 0.9799610132622454,
    "medium_afternoon_weekend_zone_high_volume_1": 0.9808711532784055,
    "medium_afternoon_weekend_zone_medium_volume": 0.9793609208925094,
    "medium_afternoon_weekend_zone_high_volume_2": 0.9807672208194663,
    "medium_afternoon_weekend_zone_airports": 0.9817304399900192,
    "medium_afternoon_weekend_zone_low_volume_2": 0.9798001831760745,
    "medium_afternoon_weekend_zone_low_volume_1": 0.9796152571062414,
    "medium_evening_weekday_zone_high_volume_1": 0.9808930736128643,
    "medium_evening_weekday_zone_medium_volume": 0.9800849851203314,
    "medium_evening_weekday_zone_high_volume_2": 0.9798504711057312,
    "medium_evening_weekday_zone_airports": 0.9810022681364448,
    "medium_evening_weekday_zone_low_volume_2": 0.9804727158838344,
    "medium_evening_weekday_zone_low_volume_1": 0.9795985893600709,
    "medium_evening_weekend_zone_high_volume_1": 0.979451240440397,
    "medium_evening_weekend_zone_medium_volume": 0.9819728390411939,
    "medium_evening_weekend_zone_high_volume_2": 0.9789048964457565,
    "medium_evening_weekend_zone_airports": 0.9789653828801312,
    "medium_evening_weekend_zone_low_volume_2": 0.9787819479080845,
    "medium_evening_weekend_zone_low_volume_1": 0.9788659423494435
  }
}