{
  "version": "1.0",
  "percentile": 95,
  "global_threshold": 0.5639233840030178,
  "thresholds": {
    "short_night_weekday_bronx": 0.5461931455278456,
    "short_night_weekday_queens": 0.5621831463825436,
    "medium_night_weekday_staten_island": 0.6072803648005831,
    "short_night_weekday_brooklyn": 0.5631897747929369,
    "short_night_weekday_staten_island": 0.5590528472837831,
    "medium_night_weekday_queens": 0.6454410833932379,
    "medium_night_weekday_bronx": 0.6023152362206375,
    "medium_night_weekday_manhattan": 0.6290066313437884,
    "medium_night_weekday_brooklyn": 0.6180154201670813,
    "short_night_weekday_manhattan": 0.5745380346039726,
    "medium_night_weekend_staten_island": 0.6270113525340517,
    "short_night_weekend_brooklyn": 0.5763565085477088,
    "short_night_weekend_staten_island": 0.5783407433642099,
    "short_night_weekend_queens": 0.5779026405584258,
    "short_night_weekend_bronx": 0.5703677775130601,
    "short_morning_rush_weekday_staten_island": 0.5275346547907724,
    "medium_morning_rush_weekday_queens": 0.6074105536741673,
    "short_morning_rush_weekday_brooklyn": 0.5277483214125198,
    "medium_morning_rush_weekday_brooklyn": 0.5770275754490771,
    "medium_morning_rush_weekday_staten_island": 0.5744404937857817,
    "short_morning_rush_weekday_queens": 0.5223879136920008,
    "short_morning_rush_weekday_bronx": 0.5244769597422241,
    "medium_morning_rush_weekday_manhattan": 0.5884048154408208,
    "medium_morning_rush_weekday_bronx": 0.5775676205343436,
    "short_morning_rush_weekday_manhattan": 0.5342820170146296,
    "short_midday_weekday_staten_island": 0.5046428883149728,
    "short_midday_weekday_manhattan": 0.5060515947404691,
    "medium_midday_weekday_staten_island": 0.5593330378290388,
    "short_midday_weekday_queens": 0.5040164111088216,
    "short_midday_weekday_brooklyn": 0.5173157031056022,
    "medium_midday_weekday_bronx": 0.5584587150723549,
    "short_midday_weekday_bronx": 0.5127765158027462,
    "medium_midday_weekday_queens": 0.5979271899996201,
    "medium_midday_weekday_manhattan": 0.5777484131825684,
    "medium_midday_weekday_brooklyn": 0.5736918016666652,
    "short_evening_rush_weekday_staten_island": 0.508097554069926,
    "short_evening_rush_weekday_queens": 0.505665061009448,
    "short_evening_rush_weekday_bronx": 0.5070502081443388,
    "medium_evening_rush_weekday_queens": 0.6047758653731252,
    "medium_evening_rush_weekday_staten_island": 0.5586582807206568,
    "short_evening_rush_weekday_brooklyn": 0.5104630018463985,
    "medium_evening_rush_weekday_brooklyn": 0.5818332141744642,
    "short_evening_rush_weekday_manhattan": 0.5113180524849708,
    "medium_evening_rush_weekday_bronx": 0.5493356053320904,
    "medium_evening_rush_weekday_manhattan": 0.5810838398037418,
    "medium_night_weekend_bronx": 0.6242186881560837,
    "medium_night_weekend_queens": 0.6433710026639874,
    "short_night_weekend_manhattan": 0.5825803890169573,
    "medium_night_weekend_brooklyn": 0.6287141089132383,
    "medium_night_weekend_manhattan": 0.6379442747748193,
    "short_morning_rush_weekend_bronx": 0.5576419184573228,
    "medium_morning_rush_weekend_queens": 0.6514845099347688,
    "medium_morning_rush_weekend_brooklyn": 0.6293334398653843,
    "short_morning_rush_weekend_staten_island": 0.5707093631360065,
    "short_morning_rush_weekend_manhattan": 0.5762317009108879,
    "medium_morning_rush_weekend_staten_island": 0.6107877903335299,
    "short_morning_rush_weekend_queens": 0.5739508522193462,
    "medium_morning_rush_weekend_bronx": 0.6167911941935956,
    "short_morning_rush_weekend_brooklyn": 0.5806836022672079,
    "medium_morning_rush_weekend_manhattan": 0.618084298720742,
    "short_midday_weekend_bronx": 0.5265344912236688,
    "short_midday_weekend_staten_island": 0.5308317553065871,
    "short_midday_weekend_queens": 0.5267172919213445,
    "medium_midday_weekend_staten_island": 0.5832493912436418,
    "short_midday_weekend_brooklyn": 0.5402334182461971,
    "medium_midday_weekend_bronx": 0.5806346282420003,
    "short_midday_weekend_manhattan": 0.5266212363044472,
    "medium_midday_weekend_queens": 0.6212089024435447,
    "medium_midday_weekend_manhattan": 0.5927119885797235,
    "medium_midday_weekend_brooklyn": 0.5974521276705398,
    "short_evening_rush_weekend_brooklyn": 0.5631042817833973,
    "medium_evening_rush_weekend_queens": 0.6292775882260097,
    "short_evening_rush_weekend_bronx": 0.5544153559660974,
    "short_evening_rush_weekend_queens": 0.5408176308442432,
    "medium_evening_rush_weekend_bronx": 0.5857589561248145,
    "medium_evening_rush_weekend_staten_island": 0.5924042119557462,
    "medium_evening_rush_weekend_manhattan": 0.5962439345467324,
    "short_evening_rush_weekend_staten_island": 0.5527057979484662,
    "medium_evening_rush_weekend_brooklyn": 0.604691890567412,
    "short_evening_rush_weekend_manhattan": 0.559671505576709
  },
  "model_type": "sklearn_IsolationForest",
  "n_trees": 200,
  "max_samples": 256,
  "training_sample": 500000,
  "n_contexts": 80
}