{
  "version": "2.0",
  "percentile": 98,
  "old_percentile": 95,
  "global_threshold": 0.6020697643684775,
  "thresholds": {
    "short_night_weekday_bronx": 0.5858904676626159,
    "short_night_weekday_queens": 0.6017655578721505,
    "medium_night_weekday_staten_island": 0.632486502835943,
    "short_night_weekday_brooklyn": 0.6029735183779774,
    "short_night_weekday_staten_island": 0.5945626122793275,
    "medium_night_weekday_queens": 0.6653057885478224,
    "medium_night_weekday_bronx": 0.6274998467352851,
    "medium_night_weekday_manhattan": 0.6538035760654736,
    "medium_night_weekday_brooklyn": 0.6395752955613202,
    "short_night_weekday_manhattan": 0.6196455326011494,
    "medium_night_weekend_staten_island": 0.6456364706382994,
    "short_night_weekend_brooklyn": 0.6107889643290163,
    "short_night_weekend_staten_island": 0.6146285401729363,
    "short_night_weekend_queens": 0.61192886872855,
    "short_night_weekend_bronx": 0.6051479831409596,
    "short_morning_rush_weekday_staten_island": 0.5630619898971343,
    "medium_morning_rush_weekday_queens": 0.6284157938098314,
    "short_morning_rush_weekday_brooklyn": 0.5694348064058741,
    "medium_morning_rush_weekday_brooklyn": 0.6049057752484707,
    "medium_morning_rush_weekday_staten_island": 0.6062929035369558,
    "short_morning_rush_weekday_queens": 0.561749310497932,
    "short_morning_rush_weekday_bronx": 0.5614692780664369,
    "medium_morning_rush_weekday_manhattan": 0.6083452828781685,
    "medium_morning_rush_weekday_bronx": 0.6006887214773602,
    "short_morning_rush_weekday_manhattan": 0.5768305408094998,
    "short_midday_weekday_staten_island": 0.5434246334994941,
    "short_midday_weekday_manhattan": 0.5501265093117585,
    "medium_midday_weekday_staten_island": 0.5873966530471235,
    "short_midday_weekday_queens": 0.5479058163270694,
    "short_midday_weekday_brooklyn": 0.5604366555136554,
    "medium_midday_weekday_bronx": 0.5846769443002079,
    "short_midday_weekday_bronx": 0.5516057123335761,
    "medium_midday_weekday_queens": 0.6191863932786352,
    "medium_midday_weekday_manhattan": 0.5992409284919298,
    "medium_midday_weekday_brooklyn": 0.5979284645772183,
    "short_evening_rush_weekday_staten_island": 0.5456622574148992,
    "short_evening_rush_weekday_queens": 0.5460087906045545,
    "short_evening_rush_weekday_bronx": 0.543664441676695,
    "medium_evening_rush_weekday_queens": 0.628308307027448,
    "medium_evening_rush_weekday_staten_island": 0.5876977608189985,
    "short_evening_rush_weekday_brooklyn": 0.5505100796549387,
    "medium_evening_rush_weekday_brooklyn": 0.6051639268381064,
    "short_evening_rush_weekday_manhattan": 0.5501951901431709,
    "medium_evening_rush_weekday_bronx": 0.5832870590831762,
    "medium_evening_rush_weekday_manhattan": 0.6031485042872163,
    "medium_night_weekend_bronx": 0.6446322003714149,
    "medium_night_weekend_queens": 0.663659232427064,
    "short_night_weekend_manhattan": 0.6213364256904812,
    "medium_night_weekend_brooklyn": 0.6477434480694898,
    "medium_night_weekend_manhattan": 0.6579354906153597,
    "short_morning_rush_weekend_bronx": 0.5928982681287,
    "medium_morning_rush_weekend_queens": 0.6673852576060558,
    "medium_morning_rush_weekend_brooklyn": 0.6523922259380368,
    "short_morning_rush_weekend_staten_island": 0.6001781928798112,
    "short_morning_rush_weekend_manhattan": 0.6052896788942643,
    "medium_morning_rush_weekend_staten_island": 0.6437071744628591,
    "short_morning_rush_weekend_queens": 0.6052903920668289,
    "medium_morning_rush_weekend_bronx": 0.635776583441964,
    "short_morning_rush_weekend_brooklyn": 0.6078704867764476,
    "medium_morning_rush_weekend_manhattan": 0.648913884783351,
    "short_midday_weekend_bronx": 0.5598296125843558,
    "short_midday_weekend_staten_island": 0.564287073646143,
    "short_midday_weekend_queens": 0.5643360611487576,
    "medium_midday_weekend_staten_island": 0.6101402356156885,
    "short_midday_weekend_brooklyn": 0.5741650190242968,
    "medium_midday_weekend_bronx": 0.608237725456672,
    "short_midday_weekend_manhattan": 0.5646467055311292,
    "medium_midday_weekend_queens": 0.6424194643619346,
    "medium_midday_weekend_manhattan": 0.6150866063134598,
    "medium_midday_weekend_brooklyn": 0.6214908343630517,
    "short_evening_rush_weekend_brooklyn": 0.5954810502281074,
    "medium_evening_rush_weekend_queens": 0.6502256613360888,
    "short_evening_rush_weekend_bronx": 0.589802546254169,
    "short_evening_rush_weekend_queens": 0.5793190679810397,
    "medium_evening_rush_weekend_bronx": 0.6100743556397467,
    "medium_evening_rush_weekend_staten_island": 0.6125076421823896,
    "medium_evening_rush_weekend_manhattan": 0.61914369658498,
    "short_evening_rush_weekend_staten_island": 0.5860013633814307,
    "medium_evening_rush_weekend_brooklyn": 0.6291519185411133,
    "short_evening_rush_weekend_manhattan": 0.5934696378064739
  },
  "model_type": "sklearn_IsolationForest",
  "n_trees": 200,
  "max_samples": 256,
  "training_sample": 500000,
  "n_contexts": 80
}