{
  "config": {
    "name": "best_c4_hyp_CB",
    "memory_len": 256,
    "k": 50,
    "gamma": 0.0,
    "latent_dim": 60,
    "warmup_epochs": 100,
    "use_cb": true
  },
  "metrics": {
    "AUC-ROC": 0.9845874063352372,
    "AUC-PR": 0.5850813165047699,
    "F1": 0.7192608386638236,
    "Precision": 0.7333333333333333,
    "Recall": 0.705718270571827,
    "FPR": 0.01288244766505636,
    "threshold": 5.6281127142269245,
    "TP": 506,
    "FP": 184,
    "TN": 14099,
    "FN": 211,
    "n_anomalies": 717,
    "n_normal": 14283,
    "P@10": 0.0,
    "R@10": 0.0,
    "P@50": 0.0,
    "R@50": 0.0,
    "P@100": 0.0,
    "R@100": 0.0,
    "P@250": 0.284,
    "R@250": 0.09902370990237098,
    "P@500": 0.64,
    "R@500": 0.44630404463040446,
    "P@1000": 0.702,
    "R@1000": 0.9790794979079498,
    "latency_mean_ms": 0.9737636003488054,
    "latency_p50_ms": 1.0133000032510608,
    "latency_p90_ms": 1.2900999921839684,
    "latency_p95_ms": 1.4021999668329954,
    "latency_p99_ms": 1.9026309932814918,
    "latency_max_ms": 6.526599987410009,
    "anom_mean": 12.225332913375468,
    "norm_mean": 38.14342841941748,
    "sep_ratio": 0.32050954567974754
  }
}