{
  "config": {
    "name": "best_c3_hyp_noCB",
    "memory_len": 256,
    "k": 50,
    "gamma": 0.0,
    "latent_dim": 60,
    "warmup_epochs": 100,
    "use_cb": false
  },
  "metrics": {
    "AUC-ROC": 0.9956151361924735,
    "AUC-PR": 0.9418532058357993,
    "F1": 0.8864569083447333,
    "Precision": 0.8697986577181208,
    "Recall": 0.9037656903765691,
    "FPR": 0.006791290345165581,
    "threshold": 1918.421630141853,
    "TP": 648,
    "FP": 97,
    "TN": 14186,
    "FN": 69,
    "n_anomalies": 717,
    "n_normal": 14283,
    "P@10": 1.0,
    "R@10": 0.01394700139470014,
    "P@50": 0.98,
    "R@50": 0.06834030683403068,
    "P@100": 0.98,
    "R@100": 0.13668061366806136,
    "P@250": 0.98,
    "R@250": 0.3417015341701534,
    "P@500": 0.952,
    "R@500": 0.6638772663877266,
    "P@1000": 0.701,
    "R@1000": 0.9776847977684798,
    "latency_mean_ms": 0.9593754730847043,
    "latency_p50_ms": 0.9993000130634755,
    "latency_p90_ms": 1.2956000282429159,
    "latency_p95_ms": 1.3972149899927897,
    "latency_p99_ms": 1.7392179719172423,
    "latency_max_ms": 4.877900006249547,
    "anom_mean": 8199.474613631288,
    "norm_mean": 776.5227753798735,
    "sep_ratio": 10.559219733922319
  }
}