{
  "config": {
    "name": "best_c7_grid_ep50_CB",
    "memory_len": 128,
    "k": 20,
    "gamma": 0.9,
    "latent_dim": 34,
    "warmup_epochs": 50,
    "use_cb": true
  },
  "metrics": {
    "AUC-ROC": 0.9850325815740416,
    "AUC-PR": 0.5890284967870262,
    "F1": 0.8583959899749374,
    "Precision": 0.7792946530147895,
    "Recall": 0.9553695955369595,
    "FPR": 0.013582580690331162,
    "threshold": 3.4323024189744022,
    "TP": 685,
    "FP": 194,
    "TN": 14089,
    "FN": 32,
    "n_anomalies": 717,
    "n_normal": 14283,
    "P@10": 0.0,
    "R@10": 0.0,
    "P@50": 0.0,
    "R@50": 0.0,
    "P@100": 0.0,
    "R@100": 0.0,
    "P@250": 0.284,
    "R@250": 0.09902370990237098,
    "P@500": 0.64,
    "R@500": 0.44630404463040446,
    "P@1000": 0.703,
    "R@1000": 0.9804741980474198,
    "latency_mean_ms": 1.0475825933235077,
    "latency_p50_ms": 1.0958000202663243,
    "latency_p90_ms": 1.460410002619028,
    "latency_p95_ms": 1.5872999822022393,
    "latency_p99_ms": 2.151955027366063,
    "latency_max_ms": 20.34970000386238,
    "anom_mean": 14.873310677878028,
    "norm_mean": 4.5939586503057415,
    "sep_ratio": 3.23758044206344
  }
}