{
  "config": {
    "name": "best_c1_grid_best_ld34_ep20_CB",
    "memory_len": 128,
    "k": 20,
    "gamma": 0.9,
    "latent_dim": 34,
    "warmup_epochs": 20,
    "use_cb": true
  },
  "metrics": {
    "AUC-ROC": 0.9842555022692804,
    "AUC-PR": 0.5856592995577566,
    "F1": 0.8484479610468655,
    "Precision": 0.7526997840172787,
    "Recall": 0.9721059972105998,
    "FPR": 0.01603304627879297,
    "threshold": 2.4831766424018697,
    "TP": 697,
    "FP": 229,
    "TN": 14054,
    "FN": 20,
    "n_anomalies": 717,
    "n_normal": 14283,
    "P@10": 0.0,
    "R@10": 0.0,
    "P@50": 0.0,
    "R@50": 0.0,
    "P@100": 0.0,
    "R@100": 0.0,
    "P@250": 0.284,
    "R@250": 0.09902370990237098,
    "P@500": 0.64,
    "R@500": 0.44630404463040446,
    "P@1000": 0.701,
    "R@1000": 0.9776847977684798,
    "latency_mean_ms": 1.0576958334616695,
    "latency_p50_ms": 1.0101000079885125,
    "latency_p90_ms": 1.5559300256427377,
    "latency_p95_ms": 1.7023049847921357,
    "latency_p99_ms": 2.19600701588206,
    "latency_max_ms": 6.702400045469403,
    "anom_mean": 14.979184223696551,
    "norm_mean": 4.246011279438427,
    "sep_ratio": 3.5278248779587984
  }
}