{
  "config": {
    "name": "best_c8_grid_ep100_CB",
    "memory_len": 128,
    "k": 20,
    "gamma": 0.9,
    "latent_dim": 34,
    "warmup_epochs": 100,
    "use_cb": true
  },
  "metrics": {
    "AUC-ROC": 0.9850485957743409,
    "AUC-PR": 0.5891847358631825,
    "F1": 0.8612321095208464,
    "Precision": 0.7775280898876404,
    "Recall": 0.9651324965132496,
    "FPR": 0.013862633900441084,
    "threshold": 3.272996141198372,
    "TP": 692,
    "FP": 198,
    "TN": 14085,
    "FN": 25,
    "n_anomalies": 717,
    "n_normal": 14283,
    "P@10": 0.0,
    "R@10": 0.0,
    "P@50": 0.0,
    "R@50": 0.0,
    "P@100": 0.0,
    "R@100": 0.0,
    "P@250": 0.284,
    "R@250": 0.09902370990237098,
    "P@500": 0.64,
    "R@500": 0.44630404463040446,
    "P@1000": 0.703,
    "R@1000": 0.9804741980474198,
    "latency_mean_ms": 1.0166652399774951,
    "latency_p50_ms": 0.9866500040516257,
    "latency_p90_ms": 1.4854300185106695,
    "latency_p95_ms": 1.6188049863558263,
    "latency_p99_ms": 2.276814990327696,
    "latency_max_ms": 7.278700009919703,
    "anom_mean": 14.658788457833865,
    "norm_mean": 4.596288570883443,
    "sep_ratio": 3.1892663464810105
  }
}