{
  "experiment": "exp04_default_beta",
  "hyperparameter": "default_beta",
  "timestamp": "20260514_184709",
  "priority": "MEDIUM",
  "primary_metric": "FPR",
  "grid": [
    0.3,
    0.5,
    0.7
  ],
  "results": [
    {
      "default_beta": 0.3,
      "metrics": {
        "AUC-ROC": 0.7142942074096518,
        "AUC-PR": 0.14627499698196442,
        "F1": 0.1983795727964645,
        "Precision": 0.12016656751933373,
        "Recall": 0.5682137834036568,
        "FPR": 0.20701238715095527,
        "threshold": 1912.6562059601883,
        "TP": 404,
        "FP": 2958,
        "TN": 11331,
        "FN": 307,
        "n_anomalies": 711,
        "n_normal": 14289,
        "P@10": 1.0,
        "R@10": 0.014064697609001406,
        "P@50": 0.8,
        "R@50": 0.05625879043600562,
        "P@100": 0.5,
        "R@100": 0.07032348804500703,
        "P@250": 0.212,
        "R@250": 0.07454289732770746,
        "P@500": 0.13,
        "R@500": 0.09142053445850915,
        "P@1000": 0.07,
        "R@1000": 0.09845288326300984,
        "latency_mean_ms": 0.8761470334177527,
        "latency_p50_ms": 0.7602999685332179,
        "latency_p90_ms": 1.2044299801345915,
        "latency_p95_ms": 1.3664999860338867,
        "latency_p99_ms": 1.8383060279302301,
        "latency_max_ms": 65.71860000258312,
        "fpr_grid": {
          "FPR@1": {
            "threshold": 4600.697636718748,
            "actual_fpr": 0.010007698229407237,
            "precision": 0.27040816326530615,
            "recall": 0.07454289732770746,
            "f1": 0.11686879823594266
          },
          "FPR@5": {
            "threshold": 4041.2138671875,
            "actual_fpr": 0.05003849114703618,
            "precision": 0.08917197452229299,
            "recall": 0.09845288326300984,
            "f1": 0.09358288770053474
          },
          "FPR@10": {
            "threshold": 3408.63134765625,
            "actual_fpr": 0.10000699839037021,
            "precision": 0.07806451612903226,
            "recall": 0.170182841068917,
            "f1": 0.10703228659885007
          }
        },
        "beta_nondefault_count": 11,
        "beta_used_default_count": 69,
        "elapsed_s": 23.110795974731445
      }
    },
    {
      "default_beta": 0.5,
      "metrics": {
        "AUC-ROC": 0.7142942074096518,
        "AUC-PR": 0.14627499698196442,
        "F1": 0.1983795727964645,
        "Precision": 0.12016656751933373,
        "Recall": 0.5682137834036568,
        "FPR": 0.20701238715095527,
        "threshold": 1912.6562059601883,
        "TP": 404,
        "FP": 2958,
        "TN": 11331,
        "FN": 307,
        "n_anomalies": 711,
        "n_normal": 14289,
        "P@10": 1.0,
        "R@10": 0.014064697609001406,
        "P@50": 0.8,
        "R@50": 0.05625879043600562,
        "P@100": 0.5,
        "R@100": 0.07032348804500703,
        "P@250": 0.212,
        "R@250": 0.07454289732770746,
        "P@500": 0.13,
        "R@500": 0.09142053445850915,
        "P@1000": 0.07,
        "R@1000": 0.09845288326300984,
        "latency_mean_ms": 0.851571906695608,
        "latency_p50_ms": 0.727800012100488,
        "latency_p90_ms": 1.1627000058069825,
        "latency_p95_ms": 1.3186049734940752,
        "latency_p99_ms": 1.8468210339779039,
        "latency_max_ms": 62.37820000387728,
        "fpr_grid": {
          "FPR@1": {
            "threshold": 4600.697636718748,
            "actual_fpr": 0.010007698229407237,
            "precision": 0.27040816326530615,
            "recall": 0.07454289732770746,
            "f1": 0.11686879823594266
          },
          "FPR@5": {
            "threshold": 4041.2138671875,
            "actual_fpr": 0.05003849114703618,
            "precision": 0.08917197452229299,
            "recall": 0.09845288326300984,
            "f1": 0.09358288770053474
          },
          "FPR@10": {
            "threshold": 3408.63134765625,
            "actual_fpr": 0.10000699839037021,
            "precision": 0.07806451612903226,
            "recall": 0.170182841068917,
            "f1": 0.10703228659885007
          }
        },
        "beta_nondefault_count": 11,
        "beta_used_default_count": 69,
        "elapsed_s": 20.417364597320557
      }
    },
    {
      "default_beta": 0.7,
      "metrics": {
        "AUC-ROC": 0.7142942074096518,
        "AUC-PR": 0.14627499698196442,
        "F1": 0.1983795727964645,
        "Precision": 0.12016656751933373,
        "Recall": 0.5682137834036568,
        "FPR": 0.20701238715095527,
        "threshold": 1912.6562059601883,
        "TP": 404,
        "FP": 2958,
        "TN": 11331,
        "FN": 307,
        "n_anomalies": 711,
        "n_normal": 14289,
        "P@10": 1.0,
        "R@10": 0.014064697609001406,
        "P@50": 0.8,
        "R@50": 0.05625879043600562,
        "P@100": 0.5,
        "R@100": 0.07032348804500703,
        "P@250": 0.212,
        "R@250": 0.07454289732770746,
        "P@500": 0.13,
        "R@500": 0.09142053445850915,
        "P@1000": 0.07,
        "R@1000": 0.09845288326300984,
        "latency_mean_ms": 0.7947930129710585,
        "latency_p50_ms": 0.693199981469661,
        "latency_p90_ms": 1.156420010374859,
        "latency_p95_ms": 1.3081050070468336,
        "latency_p99_ms": 1.75351802201476,
        "latency_max_ms": 57.15560005046427,
        "fpr_grid": {
          "FPR@1": {
            "threshold": 4600.697636718748,
            "actual_fpr": 0.010007698229407237,
            "precision": 0.27040816326530615,
            "recall": 0.07454289732770746,
            "f1": 0.11686879823594266
          },
          "FPR@5": {
            "threshold": 4041.2138671875,
            "actual_fpr": 0.05003849114703618,
            "precision": 0.08917197452229299,
            "recall": 0.09845288326300984,
            "f1": 0.09358288770053474
          },
          "FPR@10": {
            "threshold": 3408.63134765625,
            "actual_fpr": 0.10000699839037021,
            "precision": 0.07806451612903226,
            "recall": 0.170182841068917,
            "f1": 0.10703228659885007
          }
        },
        "beta_nondefault_count": 11,
        "beta_used_default_count": 69,
        "elapsed_s": 19.066670179367065
      }
    }
  ],
  "best_config": {
    "default_beta": 0.3,
    "metrics": {
      "AUC-ROC": 0.7142942074096518,
      "AUC-PR": 0.14627499698196442,
      "F1": 0.1983795727964645,
      "Precision": 0.12016656751933373,
      "Recall": 0.5682137834036568,
      "FPR": 0.20701238715095527,
      "threshold": 1912.6562059601883,
      "TP": 404,
      "FP": 2958,
      "TN": 11331,
      "FN": 307,
      "n_anomalies": 711,
      "n_normal": 14289,
      "P@10": 1.0,
      "R@10": 0.014064697609001406,
      "P@50": 0.8,
      "R@50": 0.05625879043600562,
      "P@100": 0.5,
      "R@100": 0.07032348804500703,
      "P@250": 0.212,
      "R@250": 0.07454289732770746,
      "P@500": 0.13,
      "R@500": 0.09142053445850915,
      "P@1000": 0.07,
      "R@1000": 0.09845288326300984,
      "latency_mean_ms": 0.8761470334177527,
      "latency_p50_ms": 0.7602999685332179,
      "latency_p90_ms": 1.2044299801345915,
      "latency_p95_ms": 1.3664999860338867,
      "latency_p99_ms": 1.8383060279302301,
      "latency_max_ms": 65.71860000258312,
      "fpr_grid": {
        "FPR@1": {
          "threshold": 4600.697636718748,
          "actual_fpr": 0.010007698229407237,
          "precision": 0.27040816326530615,
          "recall": 0.07454289732770746,
          "f1": 0.11686879823594266
        },
        "FPR@5": {
          "threshold": 4041.2138671875,
          "actual_fpr": 0.05003849114703618,
          "precision": 0.08917197452229299,
          "recall": 0.09845288326300984,
          "f1": 0.09358288770053474
        },
        "FPR@10": {
          "threshold": 3408.63134765625,
          "actual_fpr": 0.10000699839037021,
          "precision": 0.07806451612903226,
          "recall": 0.170182841068917,