{
  "experiment": "exp09_cell_minimum",
  "hyperparameter": "cell_minimum",
  "timestamp": "20260514_185731",
  "priority": "LOW",
  "primary_metric": "Beta_variance",
  "grid": [
    5,
    10,
    15,
    25,
    50
  ],
  "results": [
    {
      "cell_minimum": 5,
      "metrics": {
        "AUC-ROC": 0.7142942074096518,
        "AUC-PR": 0.14627499698196442,
        "F1": 0.1983795727964645,
        "Precision": 0.12016656751933373,
        "Recall": 0.5682137834036568,
        "FPR": 0.20701238715095527,
        "threshold": 1912.6562059601883,
        "TP": 404,
        "FP": 2958,
        "TN": 11331,
        "FN": 307,
        "n_anomalies": 711,
        "n_normal": 14289,
        "P@10": 1.0,
        "R@10": 0.014064697609001406,
        "P@50": 0.8,
        "R@50": 0.05625879043600562,
        "P@100": 0.5,
        "R@100": 0.07032348804500703,
        "P@250": 0.212,
        "R@250": 0.07454289732770746,
        "P@500": 0.13,
        "R@500": 0.09142053445850915,
        "P@1000": 0.07,
        "R@1000": 0.09845288326300984,
        "latency_mean_ms": 0.901353726699017,
        "latency_p50_ms": 0.728400016669184,
        "latency_p90_ms": 1.1248100083321333,
        "latency_p95_ms": 1.305329985916614,
        "latency_p99_ms": 2.0932409894885526,
        "latency_max_ms": 64.28809999488294,
        "non_default_betas": "13",
        "beta_variance": 778.6180419921875,
        "fitted_cells": 13,
        "elapsed_s": 22.614442348480225
      }
    },
    {
      "cell_minimum": 10,
      "metrics": {
        "AUC-ROC": 0.7142942074096518,
        "AUC-PR": 0.14627499698196442,
        "F1": 0.1983795727964645,
        "Precision": 0.12016656751933373,
        "Recall": 0.5682137834036568,
        "FPR": 0.20701238715095527,
        "threshold": 1912.6562059601883,
        "TP": 404,
        "FP": 2958,
        "TN": 11331,
        "FN": 307,
        "n_anomalies": 711,
        "n_normal": 14289,
        "P@10": 1.0,
        "R@10": 0.014064697609001406,
        "P@50": 0.8,
        "R@50": 0.05625879043600562,
        "P@100": 0.5,
        "R@100": 0.07032348804500703,
        "P@250": 0.212,
        "R@250": 0.07454289732770746,
        "P@500": 0.13,
        "R@500": 0.09142053445850915,
        "P@1000": 0.07,
        "R@1000": 0.09845288326300984,
        "latency_mean_ms": 0.700986946936852,
        "latency_p50_ms": 0.6357000092975795,
        "latency_p90_ms": 1.0208099731244147,
        "latency_p95_ms": 1.1580049700569361,
        "latency_p99_ms": 1.566100992495194,
        "latency_max_ms": 55.25610002223402,
        "non_default_betas": "12",
        "beta_variance": 806.2562866210938,
        "fitted_cells": 12,
        "elapsed_s": 16.99805474281311
      }
    },
    {
      "cell_minimum": 15,
      "metrics": {
        "AUC-ROC": 0.7142942074096518,
        "AUC-PR": 0.14627499698196442,
        "F1": 0.1983795727964645,
        "Precision": 0.12016656751933373,
        "Recall": 0.5682137834036568,
        "FPR": 0.20701238715095527,
        "threshold": 1912.6562059601883,
        "TP": 404,
        "FP": 2958,
        "TN": 11331,
        "FN": 307,
        "n_anomalies": 711,
        "n_normal": 14289,
        "P@10": 1.0,
        "R@10": 0.014064697609001406,
        "P@50": 0.8,
        "R@50": 0.05625879043600562,
        "P@100": 0.5,
        "R@100": 0.07032348804500703,
        "P@250": 0.212,
        "R@250": 0.07454289732770746,
        "P@500": 0.13,
        "R@500": 0.09142053445850915,
        "P@1000": 0.07,
        "R@1000": 0.09845288326300984,
        "latency_mean_ms": 0.7144553267823842,
        "latency_p50_ms": 0.6488000217359513,
        "latency_p90_ms": 1.0136099823284894,
        "latency_p95_ms": 1.140505011426285,
        "latency_p99_ms": 1.5151289536152042,
        "latency_max_ms": 46.79039999609813,
        "non_default_betas": "11",
        "beta_variance": 91.46257019042969,
        "fitted_cells": 11,
        "elapsed_s": 16.697729110717773
      }
    },
    {
      "cell_minimum": 25,
      "metrics": {
        "AUC-ROC": 0.7142942074096518,
        "AUC-PR": 0.14627499698196442,
        "F1": 0.1983795727964645,
        "Precision": 0.12016656751933373,
        "Recall": 0.5682137834036568,
        "FPR": 0.20701238715095527,
        "threshold": 1912.6562059601883,
        "TP": 404,
        "FP": 2958,
        "TN": 11331,
        "FN": 307,
        "n_anomalies": 711,
        "n_normal": 14289,
        "P@10": 1.0,
        "R@10": 0.014064697609001406,
        "P@50": 0.8,
        "R@50": 0.05625879043600562,
        "P@100": 0.5,
        "R@100": 0.07032348804500703,
        "P@250": 0.212,
        "R@250": 0.07454289732770746,
        "P@500": 0.13,
        "R@500": 0.09142053445850915,
        "P@1000": 0.07,
        "R@1000": 0.09845288326300984,
        "latency_mean_ms": 0.7627413531028044,
        "latency_p50_ms": 0.6966999790165573,
        "latency_p90_ms": 1.102540013380349,
        "latency_p95_ms": 1.2698100064881144,
        "latency_p99_ms": 1.6890119970776143,
        "latency_max_ms": 61.125700012780726,
        "non_default_betas": "11",
        "beta_variance": 91.46257019042969,
        "fitted_cells": 11,
        "elapsed_s": 17.57996654510498
      }
    },
    {
      "cell_minimum": 50,
      "metrics": {
        "AUC-ROC": 0.7142942074096518,
        "AUC-PR": 0.14627499698196442,
        "F1": 0.1983795727964645,
        "Precision": 0.12016656751933373,
        "Recall": 0.5682137834036568,
        "FPR": 0.20701238715095527,
        "threshold": 1912.6562059601883,
        "TP": 404,
        "FP": 2958,
        "TN": 11331,
        "FN": 307,
        "n_anomalies": 711,
        "n_normal": 14289,
        "P@10": 1.0,
        "R@10": 0.014064697609001406,
        "P@50": 0.8,
        "R@50": 0.05625879043600562,
        "P@100": 0.5,
        "R@100": 0.07032348804500703,
        "P@250": 0.212,
        "R@250": 0.07454289732770746,
        "P@500": 0.13,
        "R@500": 0.09142053445850915,
        "P@1000": 0.07,
        "R@1000": 0.09845288326300984,
        "latency_mean_ms": 0.7475518665780935,
        "latency_p50_ms": 0.689049978973344,
        "latency_p90_ms": 1.0693099990021437,
        "latency_p95_ms": 1.2114200246287508,
        "latency_p99_ms": 1.5873289795126773,
        "latency_max_ms": 108.97709999699146,
        "non_default_betas": "11",
        "beta_variance": 91.46257019042969,
        "fitted_cells": 11,
        "elapsed_s": 18.232088565826416
      }
    }
  ],
  "best_config": {
    "cell_minimum": 5,
    "metrics": {
      "AUC-ROC": 0.7142942074096518,
      "AUC-PR": 0.14627499698196442,
      "F1": 0.1983795727964645,
      "Precision": 0.12016656751933373,
      "Recall": 0.5682137834036568,
      "FPR": 0.20701238715095527,
      "threshold": 1912.6562059601883,
      "TP": 404,
      "FP": 2958,
      "TN": 11331,
      "FN": 307,
      "n_anomalies": 711,
      "n_normal": 14289,
      "P@10": 1.0,
      "R@10": 0.014064697609001406,
      "P@50": 0.8,
      "R@50": 0.05625879043600562,
      "P@100": 0.5,
      "R@100": 0.07032348804500703,
      "P@250": 0.212,
      "R@250": 0.07454289732770746,
      "P@500": 0.13,
      "R@500": 0.09142053445850915,
      "P@1000": 0.07,
      "R@1000": 0.09845288326300984,
      "latency_mean_ms": 0.901353726699017,
      "latency_p50_ms": 0.728400016669184,
      "latency_p90_ms": 1.1248100083321333,
      "latency_p95_ms": 1.305329985916614,
      "latency_p99_ms": 2.0932409894885526,
      "latency_max_ms": 64.28809999488294,
      "non_default_betas": "13",
      "beta_variance": 778.6180419921875,
      "fitted_cells": 13,
      "elapsed_s": 22.614442348480225
    }
  },
  "recommendation": "cell_minimum=5 balances reliability vs coverage."
}