{
  "experiment": "exp11_quick_retrain_samples",
  "hyperparameter": "quick_retrain_samples",
  "timestamp": "20260514_191508",
  "priority": "MEDIUM",
  "grid": [
    256,
    512,
    1024,
    2048
  ],
  "results": [
    {
      "n_samples": 256,
      "metrics": {
        "AUC-ROC": 0.7142942074096518,
        "AUC-PR": 0.14627499698196442,
        "F1": 0.1983795727964645,
        "Precision": 0.12016656751933373,
        "Recall": 0.5682137834036568,
        "FPR": 0.20701238715095527,
        "threshold": 1912.6562059601883,
        "TP": 404,
        "FP": 2958,
        "TN": 11331,
        "FN": 307,
        "n_anomalies": 711,
        "n_normal": 14289,
        "P@10": 1.0,
        "R@10": 0.014064697609001406,
        "P@50": 0.8,
        "R@50": 0.05625879043600562,
        "P@100": 0.5,
        "R@100": 0.07032348804500703,
        "P@250": 0.212,
        "R@250": 0.07454289732770746,
        "P@500": 0.13,
        "R@500": 0.09142053445850915,
        "P@1000": 0.07,
        "R@1000": 0.09845288326300984,
        "elapsed_s": 16.476372003555298,
        "retrain_converged": false,
        "retrain_initial_loss": 1.920958161354065,
        "retrain_final_loss": 0.5274066925048828,
        "retrain_quality": 1.8960699499088025
      }
    },
    {
      "n_samples": 512,
      "metrics": {
        "AUC-ROC": 0.7142942074096518,
        "AUC-PR": 0.14627499698196442,
        "F1": 0.1983795727964645,
        "Precision": 0.12016656751933373,
        "Recall": 0.5682137834036568,
        "FPR": 0.20701238715095527,
        "threshold": 1912.6562059601883,
        "TP": 404,
        "FP": 2958,
        "TN": 11331,
        "FN": 307,
        "n_anomalies": 711,
        "n_normal": 14289,
        "P@10": 1.0,
        "R@10": 0.014064697609001406,
        "P@50": 0.8,
        "R@50": 0.05625879043600562,
        "P@100": 0.5,
        "R@100": 0.07032348804500703,
        "P@250": 0.212,
        "R@250": 0.07454289732770746,
        "P@500": 0.13,
        "R@500": 0.09142053445850915,
        "P@1000": 0.07,
        "R@1000": 0.09845288326300984,
        "elapsed_s": 14.694320440292358,
        "retrain_converged": false,
        "retrain_initial_loss": 1.9363439083099365,
        "retrain_final_loss": 0.5457504987716675,
        "retrain_quality": 1.8323391072061876
      }
    },
    {
      "n_samples": 1024,
      "metrics": {
        "AUC-ROC": 0.7142942074096518,
        "AUC-PR": 0.14627499698196442,
        "F1": 0.1983795727964645,
        "Precision": 0.12016656751933373,
        "Recall": 0.5682137834036568,
        "FPR": 0.20701238715095527,
        "threshold": 1912.6562059601883,
        "TP": 404,
        "FP": 2958,
        "TN": 11331,
        "FN": 307,
        "n_anomalies": 711,
        "n_normal": 14289,
        "P@10": 1.0,
        "R@10": 0.014064697609001406,
        "P@50": 0.8,
        "R@50": 0.05625879043600562,
        "P@100": 0.5,
        "R@100": 0.07032348804500703,
        "P@250": 0.212,
        "R@250": 0.07454289732770746,
        "P@500": 0.13,
        "R@500": 0.09142053445850915,
        "P@1000": 0.07,
        "R@1000": 0.09845288326300984,
        "elapsed_s": 14.477627992630005,
        "retrain_converged": false,
        "retrain_initial_loss": 2.035956382751465,
        "retrain_final_loss": 0.592875063419342,
        "retrain_quality": 1.686695974975992
      }
    },
    {
      "n_samples": 2048,
      "metrics": {
        "AUC-ROC": 0.7142942074096518,
        "AUC-PR": 0.14627499698196442,
        "F1": 0.1983795727964645,
        "Precision": 0.12016656751933373,
        "Recall": 0.5682137834036568,
        "FPR": 0.20701238715095527,
        "threshold": 1912.6562059601883,
        "TP": 404,
        "FP": 2958,
        "TN": 11331,
        "FN": 307,
        "n_anomalies": 711,
        "n_normal": 14289,
        "P@10": 1.0,
        "R@10": 0.014064697609001406,
        "P@50": 0.8,
        "R@50": 0.05625879043600562,
        "P@100": 0.5,
        "R@100": 0.07032348804500703,
        "P@250": 0.212,
        "R@250": 0.07454289732770746,
        "P@500": 0.13,
        "R@500": 0.09142053445850915,
        "P@1000": 0.07,
        "R@1000": 0.09845288326300984,
        "elapsed_s": 14.208228826522827,
        "retrain_converged": false,
        "retrain_initial_loss": 2.2147467136383057,
        "retrain_final_loss": 0.6808449029922485,
        "retrain_quality": 1.4687632688699914
      }
    }
  ],
  "best_config": {
    "n_samples": 256,
    "metrics": {
      "AUC-ROC": 0.7142942074096518,
      "AUC-PR": 0.14627499698196442,
      "F1": 0.1983795727964645,
      "Precision": 0.12016656751933373,
      "Recall": 0.5682137834036568,
      "FPR": 0.20701238715095527,
      "threshold": 1912.6562059601883,
      "TP": 404,
      "FP": 2958,
      "TN": 11331,
      "FN": 307,
      "n_anomalies": 711,
      "n_normal": 14289,
      "P@10": 1.0,
      "R@10": 0.014064697609001406,
      "P@50": 0.8,
      "R@50": 0.05625879043600562,
      "P@100": 0.5,
      "R@100": 0.07032348804500703,
      "P@250": 0.212,
      "R@250": 0.07454289732770746,
      "P@500": 0.13,
      "R@500": 0.09142053445850915,
      "P@1000": 0.07,
      "R@1000": 0.09845288326300984,
      "elapsed_s": 16.476372003555298,
      "retrain_converged": false,
      "retrain_initial_loss": 1.920958161354065,
      "retrain_final_loss": 0.5274066925048828,
      "retrain_quality": 1.8960699499088025
    }
  },
  "recommendation": "n_samples=256 is optimal for quick retrain."
}