{
  "experiment": "exp10_recent_scores_buffer",
  "hyperparameter": "buffer_size",
  "timestamp": "20260514_191215",
  "priority": "MEDIUM",
  "grid": [
    1000,
    5000,
    10000,
    50000
  ],
  "results": [
    {
      "buffer_size": 1000,
      "metrics": {
        "AUC-ROC": 0.7142942074096518,
        "AUC-PR": 0.14627499698196442,
        "F1": 0.1983795727964645,
        "Precision": 0.12016656751933373,
        "Recall": 0.5682137834036568,
        "FPR": 0.20701238715095527,
        "threshold": 1912.6562059601883,
        "TP": 404,
        "FP": 2958,
        "TN": 11331,
        "FN": 307,
        "n_anomalies": 711,
        "n_normal": 14289,
        "P@10": 1.0,
        "R@10": 0.014064697609001406,
        "P@50": 0.8,
        "R@50": 0.05625879043600562,
        "P@100": 0.5,
        "R@100": 0.07032348804500703,
        "P@250": 0.212,
        "R@250": 0.07454289732770746,
        "P@500": 0.13,
        "R@500": 0.09142053445850915,
        "P@1000": 0.07,
        "R@1000": 0.09845288326300984,
        "elapsed_s": 16.84220051765442
      }
    },
    {
      "buffer_size": 5000,
      "metrics": {
        "AUC-ROC": 0.7142942074096518,
        "AUC-PR": 0.14627499698196442,
        "F1": 0.1983795727964645,
        "Precision": 0.12016656751933373,
        "Recall": 0.5682137834036568,
        "FPR": 0.20701238715095527,
        "threshold": 1912.6562059601883,
        "TP": 404,
        "FP": 2958,
        "TN": 11331,
        "FN": 307,
        "n_anomalies": 711,
        "n_normal": 14289,
        "P@10": 1.0,
        "R@10": 0.014064697609001406,
        "P@50": 0.8,
        "R@50": 0.05625879043600562,
        "P@100": 0.5,
        "R@100": 0.07032348804500703,
        "P@250": 0.212,
        "R@250": 0.07454289732770746,
        "P@500": 0.13,
        "R@500": 0.09142053445850915,
        "P@1000": 0.07,
        "R@1000": 0.09845288326300984,
        "elapsed_s": 13.877739429473877
      }
    },
    {
      "buffer_size": 10000,
      "metrics": {
        "AUC-ROC": 0.7142942074096518,
        "AUC-PR": 0.14627499698196442,
        "F1": 0.1983795727964645,
        "Precision": 0.12016656751933373,
        "Recall": 0.5682137834036568,
        "FPR": 0.20701238715095527,
        "threshold": 1912.6562059601883,
        "TP": 404,
        "FP": 2958,
        "TN": 11331,
        "FN": 307,
        "n_anomalies": 711,
        "n_normal": 14289,
        "P@10": 1.0,
        "R@10": 0.014064697609001406,
        "P@50": 0.8,
        "R@50": 0.05625879043600562,
        "P@100": 0.5,
        "R@100": 0.07032348804500703,
        "P@250": 0.212,
        "R@250": 0.07454289732770746,
        "P@500": 0.13,
        "R@500": 0.09142053445850915,
        "P@1000": 0.07,
        "R@1000": 0.09845288326300984,
        "elapsed_s": 14.021791219711304
      }
    },
    {
      "buffer_size": 50000,
      "metrics": {
        "AUC-ROC": 0.7142942074096518,
        "AUC-PR": 0.14627499698196442,
        "F1": 0.1983795727964645,
        "Precision": 0.12016656751933373,
        "Recall": 0.5682137834036568,
        "FPR": 0.20701238715095527,
        "threshold": 1912.6562059601883,
        "TP": 404,
        "FP": 2958,
        "TN": 11331,
        "FN": 307,
        "n_anomalies": 711,
        "n_normal": 14289,
        "P@10": 1.0,
        "R@10": 0.014064697609001406,
        "P@50": 0.8,
        "R@50": 0.05625879043600562,
        "P@100": 0.5,
        "R@100": 0.07032348804500703,
        "P@250": 0.212,
        "R@250": 0.07454289732770746,
        "P@500": 0.13,
        "R@500": 0.09142053445850915,
        "P@1000": 0.07,
        "R@1000": 0.09845288326300984,
        "elapsed_s": 14.185267210006714
      }
    }
  ],
  "best_config": {
    "buffer_size": 1000,
    "metrics": {
      "AUC-ROC": 0.7142942074096518,
      "AUC-PR": 0.14627499698196442,
      "F1": 0.1983795727964645,
      "Precision": 0.12016656751933373,
      "Recall": 0.5682137834036568,
      "FPR": 0.20701238715095527,
      "threshold": 1912.6562059601883,
      "TP": 404,
      "FP": 2958,
      "TN": 11331,
      "FN": 307,
      "n_anomalies": 711,
      "n_normal": 14289,
      "P@10": 1.0,
      "R@10": 0.014064697609001406,
      "P@50": 0.8,
      "R@50": 0.05625879043600562,
      "P@100": 0.5,
      "R@100": 0.07032348804500703,
      "P@250": 0.212,
      "R@250": 0.07454289732770746,
      "P@500": 0.13,
      "R@500": 0.09142053445850915,
      "P@1000": 0.07,
      "R@1000": 0.09845288326300984,
      "elapsed_s": 16.84220051765442
    }
  },
  "recommendation": "Buffer=1000 gives best AUC-ROC."
}