{
  "experiment": "exp13_alert_thresholds",
  "hyperparameter": "alert_thresholds",
  "timestamp": "20260514_190013",
  "priority": "LOW",
  "primary_metric": "FPR",
  "alert_levels": {
    "LOW": {
      "threshold": 1853.0064392089844,
      "FPR": 0.23381622226887816,
      "Precision": 0.10906666666666667,
      "Recall": 0.5752461322081576,
      "F1": 0.18336695808114775,
      "TP": 409,
      "FP": 3341,
      "TN": 10948,
      "FN": 302
    },
    "MEDIUM": {
      "threshold": 3422.3875244140627,
      "FPR": 0.09657778710896493,
      "Precision": 0.08,
      "Recall": 0.16877637130801687,
      "F1": 0.10854816824966078,
      "TP": 120,
      "FP": 1380,
      "TN": 12909,
      "FN": 591
    },
    "HIGH": {
      "threshold": 4047.608154296875,
      "FPR": 0.04758905451746098,
      "Precision": 0.09333333333333334,
      "Recall": 0.09845288326300984,
      "F1": 0.09582477754962355,
      "TP": 70,
      "FP": 680,
      "TN": 13609,
      "FN": 641
    },
    "CRITICAL": {
      "threshold": 4635.04638671875,
      "FPR": 0.006788438659108405,
      "Precision": 0.35333333333333333,
      "Recall": 0.07454289732770746,
      "F1": 0.12311265969802555,
      "TP": 53,
      "FP": 97,
      "TN": 14192,
      "FN": 658
    }
  },
  "optimal_thresholds": {
    "FPR@1": 4600.697636718748,
    "FPR@5": 4041.2138671875,
    "FPR@10": 3408.63134765625,
    "FPR@20": 2016.5166992187508
  },
  "base_metrics": {
    "AUC-ROC": 0.7142942074096518,
    "AUC-PR": 0.14627499698196442,
    "F1": 0.1983795727964645,
    "Precision": 0.12016656751933373,
    "Recall": 0.5682137834036568,
    "FPR": 0.20701238715095527,
    "threshold": 1912.6562059601883,
    "TP": 404,
    "FP": 2958,
    "TN": 11331,
    "FN": 307,
    "n_anomalies": 711,
    "n_normal": 14289,
    "P@10": 1.0,
    "R@10": 0.014064697609001406,
    "P@50": 0.8,
    "R@50": 0.05625879043600562,
    "P@100": 0.5,
    "R@100": 0.07032348804500703,
    "P@250": 0.212,
    "R@250": 0.07454289732770746,
    "P@500": 0.13,
    "R@500": 0.09142053445850915,
    "P@1000": 0.07,
    "R@1000": 0.09845288326300984,
    "latency_mean_ms": 0.8220551801496185,
    "latency_p50_ms": 0.680350000038743,
    "latency_p90_ms": 1.0656999715138227,
    "latency_p95_ms": 1.2252350134076546,
    "latency_p99_ms": 1.8773310334654532,
    "latency_max_ms": 51.99260002700612
  },
  "recommendation": "Use LOW for sensitive monitoring, HIGH for production alerts."
}